=== kda.chunk_kda.prepared_nograd: <repo>/benchmarks/host_op_audit.py --case kda.chunk_kda.prepared_nograd --device npu --roots ascend_fla/ops --output benchmarks/evidence/host_op_audit/run-a5-final --in-process
can not use command: npu-smi info
[perf] @kda_sub2_score_stable_kernel.vec #164 kernels<path>/kernels/intra.py:238:16: warning: ub_to_l1.nd2nz composes multiple MTE3 bursts (one per NZ fractal column of the ND rows) — not a single instruction, and board-measured 10x slower than the compact-NZ move (D-084); store the tile as compact NZ from the @vf instead (a strided vf.store writes the fractal directly) and move it with the plain ub_to_l1. WHEN YOU DO: pad the staging tile by one row so that store's block stride is ODD. The natural stride is the tile's row count, which is 16-aligned by nature and so is the worst rung of the bank ladder (~8.7 cycles a store against ~1.1, D-084) — on the two kernels reworked in D-226 the padding was worth MORE than this move is (-12.3 and -10.8 us of -17.7 and -28.2), and it is worth taking blind: one UB row, and it only ever costs nothing when the store pipe is idle anyway
[perf] @kda_sub2_score_stable_kernel.vec #170 kernels<path>/kernels/intra.py:239:16: warning: ub_to_l1.nd2nz composes multiple MTE3 bursts (one per NZ fractal column of the ND rows) — not a single instruction, and board-measured 10x slower than the compact-NZ move (D-084); store the tile as compact NZ from the @vf instead (a strided vf.store writes the fractal directly) and move it with the plain ub_to_l1. WHEN YOU DO: pad the staging tile by one row so that store's block stride is ODD. The natural stride is the tile's row count, which is 16-aligned by nature and so is the worst rung of the bank ladder (~8.7 cycles a store against ~1.1, D-084) — on the two kernels reworked in D-226 the padding was worth MORE than this move is (-12.3 and -10.8 us of -17.7 and -28.2), and it is worth taking blind: one UB row, and it only ever costs nothing when the store pipe is idle anyway
[perf] @kda_sub2_score_stable_kernel.vec #176 kernels<path>/kernels/intra.py:240:16: warning: ub_to_l1.nd2nz composes multiple MTE3 bursts (one per NZ fractal column of the ND rows) — not a single instruction, and board-measured 10x slower than the compact-NZ move (D-084); store the tile as compact NZ from the @vf instead (a strided vf.store writes the fractal directly) and move it with the plain ub_to_l1. WHEN YOU DO: pad the staging tile by one row so that store's block stride is ODD. The natural stride is the tile's row count, which is 16-aligned by nature and so is the worst rung of the bank ladder (~8.7 cycles a store against ~1.1, D-084) — on the two kernels reworked in D-226 the padding was worth MORE than this move is (-12.3 and -10.8 us of -17.7 and -28.2), and it is worth taking blind: one UB row, and it only ever costs nothing when the store pipe is idle anyway
[perf] @tril_inverse64_v2_strict_bf16_kernel.vec #101 <ascriptor><path>/kernels/triangular_inverse.py:202:16: warning: ub_to_l1.nd2nz composes multiple MTE3 bursts (one per NZ fractal column of the ND rows) — not a single instruction, and board-measured 10x slower than the compact-NZ move (D-084); store the tile as compact NZ from the @vf instead (a strided vf.store writes the fractal directly) and move it with the plain ub_to_l1. WHEN YOU DO: pad the staging tile by one row so that store's block stride is ODD. The natural stride is the tile's row count, which is 16-aligned by nature and so is the worst rung of the bank ladder (~8.7 cycles a store against ~1.1, D-084) — on the two kernels reworked in D-226 the padding was worth MORE than this move is (-12.3 and -10.8 us of -17.7 and -28.2), and it is worth taking blind: one UB row, and it only ever costs nothing when the store pipe is idle anyway
[perf] @tril_inverse64_v2_strict_bf16_kernel.vec #156 <ascriptor><path>/kernels/triangular_inverse.py:209:16: warning: ub_to_l1.nd2nz composes multiple MTE3 bursts (one per NZ fractal column of the ND rows) — not a single instruction, and board-measured 10x slower than the compact-NZ move (D-084); store the tile as compact NZ from the @vf instead (a strided vf.store writes the fractal directly) and move it with the plain ub_to_l1. WHEN YOU DO: pad the staging tile by one row so that store's block stride is ODD. The natural stride is the tile's row count, which is 16-aligned by nature and so is the worst rung of the bank ladder (~8.7 cycles a store against ~1.1, D-084) — on the two kernels reworked in D-226 the padding was worth MORE than this move is (-12.3 and -10.8 us of -17.7 and -28.2), and it is worth taking blind: one UB row, and it only ever costs nothing when the store pipe is idle anyway
[perf] @tril_inverse64_v2_strict_bf16_kernel.vec #158 <ascriptor><path>/kernels/triangular_inverse.py:210:16: warning: ub_to_l1.nd2nz composes multiple MTE3 bursts (one per NZ fractal column of the ND rows) — not a single instruction, and board-measured 10x slower than the compact-NZ move (D-084); store the tile as compact NZ from the @vf instead (a strided vf.store writes the fractal directly) and move it with the plain ub_to_l1. WHEN YOU DO: pad the staging tile by one row so that store's block stride is ODD. The natural stride is the tile's row count, which is 16-aligned by nature and so is the worst rung of the bank ladder (~8.7 cycles a store against ~1.1, D-084) — on the two kernels reworked in D-226 the padding was worth MORE than this move is (-12.3 and -10.8 us of -17.7 and -28.2), and it is worth taking blind: one UB row, and it only ever costs nothing when the store pipe is idle anyway
[perf] @tril_inverse64_v2_strict_bf16_kernel.vec #242 <ascriptor><path>/kernels/triangular_inverse.py:226:16: warning: ub_to_l1.nd2nz composes multiple MTE3 bursts (one per NZ fractal column of the ND rows) — not a single instruction, and board-measured 10x slower than the compact-NZ move (D-084); store the tile as compact NZ from the @vf instead (a strided vf.store writes the fractal directly) and move it with the plain ub_to_l1. WHEN YOU DO: pad the staging tile by one row so that store's block stride is ODD. The natural stride is the tile's row count, which is 16-aligned by nature and so is the worst rung of the bank ladder (~8.7 cycles a store against ~1.1, D-084) — on the two kernels reworked in D-226 the padding was worth MORE than this move is (-12.3 and -10.8 us of -17.7 and -28.2), and it is worth taking blind: one UB row, and it only ever costs nothing when the store pipe is idle anyway
[perf] @tril_inverse64_v2_strict_bf16_kernel.vec #244 <ascriptor><path>/kernels/triangular_inverse.py:227:16: warning: ub_to_l1.nd2nz composes multiple MTE3 bursts (one per NZ fractal column of the ND rows) — not a single instruction, and board-measured 10x slower than the compact-NZ move (D-084); store the tile as compact NZ from the @vf instead (a strided vf.store writes the fractal directly) and move it with the plain ub_to_l1. WHEN YOU DO: pad the staging tile by one row so that store's block stride is ODD. The natural stride is the tile's row count, which is 16-aligned by nature and so is the worst rung of the bank ladder (~8.7 cycles a store against ~1.1, D-084) — on the two kernels reworked in D-226 the padding was worth MORE than this move is (-12.3 and -10.8 us of -17.7 and -28.2), and it is worth taking blind: one UB row, and it only ever costs nothing when the store pipe is idle anyway
[perf] @tril_inverse64_v2_strict_bf16_kernel.vec #246 <ascriptor><path>/kernels/triangular_inverse.py:228:16: warning: ub_to_l1.nd2nz composes multiple MTE3 bursts (one per NZ fractal column of the ND rows) — not a single instruction, and board-measured 10x slower than the compact-NZ move (D-084); store the tile as compact NZ from the @vf instead (a strided vf.store writes the fractal directly) and move it with the plain ub_to_l1. WHEN YOU DO: pad the staging tile by one row so that store's block stride is ODD. The natural stride is the tile's row count, which is 16-aligned by nature and so is the worst rung of the bank ladder (~8.7 cycles a store against ~1.1, D-084) — on the two kernels reworked in D-226 the padding was worth MORE than this move is (-12.3 and -10.8 us of -17.7 and -28.2), and it is worth taking blind: one UB row, and it only ever costs nothing when the store pipe is idle anyway
[perf] @tril_inverse64_v2_strict_bf16_kernel.vec #248 <ascriptor><path>/kernels/triangular_inverse.py:229:16: warning: ub_to_l1.nd2nz composes multiple MTE3 bursts (one per NZ fractal column of the ND rows) — not a single instruction, and board-measured 10x slower than the compact-NZ move (D-084); store the tile as compact NZ from the @vf instead (a strided vf.store writes the fractal directly) and move it with the plain ub_to_l1. WHEN YOU DO: pad the staging tile by one row so that store's block stride is ODD. The natural stride is the tile's row count, which is 16-aligned by nature and so is the worst rung of the bank ladder (~8.7 cycles a store against ~1.1, D-084) — on the two kernels reworked in D-226 the padding was worth MORE than this move is (-12.3 and -10.8 us of -17.7 and -28.2), and it is worth taking blind: one UB row, and it only ever costs nothing when the store pipe is idle anyway
[perf] @tril_inverse64_v2_strict_bf16_kernel.vec #305 <ascriptor><path>/kernels/triangular_inverse.py:237:16: warning: ub_to_l1.nd2nz composes multiple MTE3 bursts (one per NZ fractal column of the ND rows) — not a single instruction, and board-measured 10x slower than the compact-NZ move (D-084); store the tile as compact NZ from the @vf instead (a strided vf.store writes the fractal directly) and move it with the plain ub_to_l1. WHEN YOU DO: pad the staging tile by one row so that store's block stride is ODD. The natural stride is the tile's row count, which is 16-aligned by nature and so is the worst rung of the bank ladder (~8.7 cycles a store against ~1.1, D-084) — on the two kernels reworked in D-226 the padding was worth MORE than this move is (-12.3 and -10.8 us of -17.7 and -28.2), and it is worth taking blind: one UB row, and it only ever costs nothing when the store pipe is idle anyway
[perf] @tril_inverse64_v2_strict_bf16_kernel.vec #307 <ascriptor><path>/kernels/triangular_inverse.py:238:16: warning: ub_to_l1.nd2nz composes multiple MTE3 bursts (one per NZ fractal column of the ND rows) — not a single instruction, and board-measured 10x slower than the compact-NZ move (D-084); store the tile as compact NZ from the @vf instead (a strided vf.store writes the fractal directly) and move it with the plain ub_to_l1. WHEN YOU DO: pad the staging tile by one row so that store's block stride is ODD. The natural stride is the tile's row count, which is 16-aligned by nature and so is the worst rung of the bank ladder (~8.7 cycles a store against ~1.1, D-084) — on the two kernels reworked in D-226 the padding was worth MORE than this move is (-12.3 and -10.8 us of -17.7 and -28.2), and it is worth taking blind: one UB row, and it only ever costs nothing when the store pipe is idle anyway
[perf] @tril_inverse64_v2_strict_bf16_kernel.vec #309 <ascriptor><path>/kernels/triangular_inverse.py:239:16: warning: ub_to_l1.nd2nz composes multiple MTE3 bursts (one per NZ fractal column of the ND rows) — not a single instruction, and board-measured 10x slower than the compact-NZ move (D-084); store the tile as compact NZ from the @vf instead (a strided vf.store writes the fractal directly) and move it with the plain ub_to_l1. WHEN YOU DO: pad the staging tile by one row so that store's block stride is ODD. The natural stride is the tile's row count, which is 16-aligned by nature and so is the worst rung of the bank ladder (~8.7 cycles a store against ~1.1, D-084) — on the two kernels reworked in D-226 the padding was worth MORE than this move is (-12.3 and -10.8 us of -17.7 and -28.2), and it is worth taking blind: one UB row, and it only ever costs nothing when the store pipe is idle anyway
[perf] @kda_sub3_wy_stable_kernel.vec #181 kernels<path>/kernels/wy.py:192:12: warning: ub_to_l1.nd2nz composes multiple MTE3 bursts (one per NZ fractal column of the ND rows) — not a single instruction, and board-measured 10x slower than the compact-NZ move (D-084); store the tile as compact NZ from the @vf instead (a strided vf.store writes the fractal directly) and move it with the plain ub_to_l1. WHEN YOU DO: pad the staging tile by one row so that store's block stride is ODD. The natural stride is the tile's row count, which is 16-aligned by nature and so is the worst rung of the bank ladder (~8.7 cycles a store against ~1.1, D-084) — on the two kernels reworked in D-226 the padding was worth MORE than this move is (-12.3 and -10.8 us of -17.7 and -28.2), and it is worth taking blind: one UB row, and it only ever costs nothing when the store pipe is idle anyway
[perf] @kda_sub3_wy_stable_kernel.vec #187 kernels<path>/kernels/wy.py:193:12: warning: ub_to_l1.nd2nz composes multiple MTE3 bursts (one per NZ fractal column of the ND rows) — not a single instruction, and board-measured 10x slower than the compact-NZ move (D-084); store the tile as compact NZ from the @vf instead (a strided vf.store writes the fractal directly) and move it with the plain ub_to_l1. WHEN YOU DO: pad the staging tile by one row so that store's block stride is ODD. The natural stride is the tile's row count, which is 16-aligned by nature and so is the worst rung of the bank ladder (~8.7 cycles a store against ~1.1, D-084) — on the two kernels reworked in D-226 the padding was worth MORE than this move is (-12.3 and -10.8 us of -17.7 and -28.2), and it is worth taking blind: one UB row, and it only ever costs nothing when the store pipe is idle anyway
[perf] @kda_sub45_aqk_repaired_kernel.vec #144 kernels<path>/kernels/recurrent.py:210:16: warning: ub_to_l1.nd2nz composes multiple MTE3 bursts (one per NZ fractal column of the ND rows) — not a single instruction, and board-measured 10x slower than the compact-NZ move (D-084); store the tile as compact NZ from the @vf instead (a strided vf.store writes the fractal directly) and move it with the plain ub_to_l1. WHEN YOU DO: pad the staging tile by one row so that store's block stride is ODD. The natural stride is the tile's row count, which is 16-aligned by nature and so is the worst rung of the bank ladder (~8.7 cycles a store against ~1.1, D-084) — on the two kernels reworked in D-226 the padding was worth MORE than this move is (-12.3 and -10.8 us of -17.7 and -28.2), and it is worth taking blind: one UB row, and it only ever costs nothing when the store pipe is idle anyway
[perf] @kda_sub45_aqk_repaired_kernel.vec #213 kernels<path>/kernels/recurrent.py:234:12: warning: ub_to_l1.nd2nz composes multiple MTE3 bursts (one per NZ fractal column of the ND rows) — not a single instruction, and board-measured 10x slower than the compact-NZ move (D-084); store the tile as compact NZ from the @vf instead (a strided vf.store writes the fractal directly) and move it with the plain ub_to_l1. WHEN YOU DO: pad the staging tile by one row so that store's block stride is ODD. The natural stride is the tile's row count, which is 16-aligned by nature and so is the worst rung of the bank ladder (~8.7 cycles a store against ~1.1, D-084) — on the two kernels reworked in D-226 the padding was worth MORE than this move is (-12.3 and -10.8 us of -17.7 and -28.2), and it is worth taking blind: one UB row, and it only ever costs nothing when the store pipe is idle anyway
[perf] @kda_sub45_aqk_repaired_kernel.vec #371 kernels<path>/kernels/recurrent.py:314:16: warning: ub_to_l1.nd2nz composes multiple MTE3 bursts (one per NZ fractal column of the ND rows) — not a single instruction, and board-measured 10x slower than the compact-NZ move (D-084); store the tile as compact NZ from the @vf instead (a strided vf.store writes the fractal directly) and move it with the plain ub_to_l1. WHEN YOU DO: pad the staging tile by one row so that store's block stride is ODD. The natural stride is the tile's row count, which is 16-aligned by nature and so is the worst rung of the bank ladder (~8.7 cycles a store against ~1.1, D-084) — on the two kernels reworked in D-226 the padding was worth MORE than this move is (-12.3 and -10.8 us of -17.7 and -28.2), and it is worth taking blind: one UB row, and it only ever costs nothing when the store pipe is idle anyway
case kda.chunk_kda.prepared_nograd  device=npu  verdict=clean  calls=71
  by_category: {'alloc': 24, 'meta_view': 15, 'readonly_check': 32}
  category                 operator                           site                                         copy  dtype→  count
  readonly_check           aten.isfinite.default              ascend_fla/ops/kda/chunk.py:180 _check_input yes   yes     1
  readonly_check           aten.le.Scalar                     ascend_fla/ops/kda/chunk.py:180 _check_input yes   yes     1
  readonly_check           aten.bitwise_and.Tensor            ascend_fla/ops/kda/chunk.py:180 _check_input yes           1
  readonly_check           aten.all.default                   ascend_fla/ops/kda/chunk.py:180 _check_input yes           1
  readonly_check           aten._local_scalar_dense.default   ascend_fla/ops/kda/chunk.py:180 _check_input               1
  readonly_check           aten.isfinite.default              ascend_fla/ops/kda/chunk.py:183 _check_input yes   yes     1
  readonly_check           aten.gt.Scalar                     ascend_fla/ops/kda/chunk.py:183 _check_input yes   yes     1
  readonly_check           aten.bitwise_and.Tensor            ascend_fla/ops/kda/chunk.py:183 _check_input yes           2
  readonly_check           aten.lt.Scalar                     ascend_fla/ops/kda/chunk.py:183 _check_input yes   yes     1
  readonly_check           aten.all.default                   ascend_fla/ops/kda/chunk.py:183 _check_input yes           1
  readonly_check           aten._local_scalar_dense.default   ascend_fla/ops/kda/chunk.py:182 _check_input               1
  readonly_check           aten._to_copy.default              ascend_fla/ops/kda/chunk.py:187 _check_input yes   yes     2
  readonly_check           aten.linalg_vector_norm.default    ascend_fla/ops/kda/chunk.py:187 _check_input yes           2
  readonly_check           aten.isfinite.default              ascend_fla/ops/kda/chunk.py:188 _check_input yes   yes     2
  readonly_check           aten.le.Scalar                     ascend_fla/ops/kda/chunk.py:188 _check_input yes   yes     2
  readonly_check           aten.bitwise_and.Tensor            ascend_fla/ops/kda/chunk.py:188 _check_input yes           2
  readonly_check           aten.all.default                   ascend_fla/ops/kda/chunk.py:188 _check_input yes           2
  readonly_check           aten._local_scalar_dense.default   ascend_fla/ops/kda/chunk.py:188 _check_input               2
  meta_view                aten.view.default                  ascend_fla/ops/kda/chunk.py:475 _gate_span                 1
  readonly_check           aten.cumsum.default                ascend_fla/ops/kda/chunk.py:475 _gate_span   yes           1
  readonly_check           aten.amax.default                  ascend_fla/ops/kda/chunk.py:476 _gate_span   yes           1
  readonly_check           aten.amin.default                  ascend_fla/ops/kda/chunk.py:476 _gate_span   yes           1
  readonly_check           aten.sub.Tensor                    ascend_fla/ops/kda/chunk.py:476 _gate_span   yes           1
  readonly_check           aten.max.default                   ascend_fla/ops/kda/chunk.py:476 _gate_span   yes           1
  readonly_check           aten._local_scalar_dense.default   ascend_fla/ops/kda/chunk.py:476 _gate_span                 1
  meta_view                aten.view.default                  ascend_fla/ops/kda/chunk.py:417 _to_bhcld                  2
  alloc                    aten.empty.memory_format           ascend_fla/ops/kda/chunk.py:417 _to_bhcld                  2
  meta_view                aten.view.default                  ascend_fla/ops/kda/chunk.py:417 _to_bhcld                  2
  alloc                    aten.empty.memory_format           ascend_fla/ops/kda/chunk.py:417 _to_bhcld                  2
  meta_view                aten.view.default                  ascend_fla/ops/kda/chunk.py:417 _to_bhcld                  1
  alloc                    aten.empty.memory_format           ascend_fla/ops/kda/chunk.py:417 _to_bhcld                  1
  meta_view                aten.view.default                  ascend_fla/ops/kda/chunk.py:417 _to_bhcld                  1
  meta_view                aten.view.default                  ascend_fla/ops/kda/chunk.py:417 _to_bhcld                  1
  alloc                    aten.empty.memory_format           ascend_fla/ops/kda/chunk.py:417 _to_bhcld                  1
  meta_view                aten.view.default                  ascend_fla/ops/kda/chunk.py:417 _to_bhcld                  1
  meta_view                aten.view.default                  ascend_fla/ops/kda/chunk.py:412 _to_bhcld                  1
  alloc                    aten.empty.memory_format           ascend_fla/ops/kda/chunk.py:412 _to_bhcld                  1
  meta_view                aten.view.default                  ascend_fla/ops/kda/chunk.py:412 _to_bhcld                  1
  meta_view                aten.view.default                  ascend_fla/ops/kda/chunk.py:413 _to_bhcld                  1
  alloc                    aten.empty.memory_format           ascend_fla/ops/kda/chunk.py:539 empty                      2
  alloc                    aten.empty.memory_format           ascend_fla/ops/kda/chunk.py:558 _run_chain                 1
  alloc                    aten.empty.memory_format           ascend_fla/ops/kda/chunk.py:539 empty                      2
  alloc                    aten.empty.memory_format           ascend_fla/ops/kda/chunk.py:539 empty                      1
  alloc                    aten.empty.memory_format           ascend_fla/ops/kda/chunk.py:567 _run_chain                 1
  alloc                    aten.empty.memory_format           ascend_fla/ops/kda/chunk.py:576 _run_chain                 1
  alloc                    aten.empty.memory_format           ascend_fla/ops/kda/chunk.py:539 empty                      5
  alloc                    aten.empty.memory_format           ascend_fla/ops/kda/chunk.py:580 _run_chain                 1
  alloc                    aten.empty.memory_format           ascend_fla/ops/kda/chunk.py:539 empty                      1
  alloc                    aten.empty.memory_format           ascend_fla/ops/kda/chunk.py:590 _run_chain                 1
  meta_view                aten.view.default                  ascend_fla/ops/kda/chunk.py:429 _from_bhcld                1
  alloc                    aten.empty.memory_format           ascend_fla/ops/kda/chunk.py:429 _from_bhcld                1
  meta_view                aten.view.default                  ascend_fla/ops/kda/chunk.py:429 _from_bhcld                1
  meta_view                aten.view.default                  ascend_fla/ops/kda/chunk.py:432 _from_bhcld                1
wrote 1 case file(s) + summary.json to benchmarks/evidence/host_op_audit/run-a5-final
=== kda.chunk_kda.prepared_grad: <repo>/benchmarks/host_op_audit.py --case kda.chunk_kda.prepared_grad --device npu --roots ascend_fla/ops --output benchmarks/evidence/host_op_audit/run-a5-final --in-process
case kda.chunk_kda.prepared_grad  device=npu  verdict=violations  calls=253
  by_category: {'alloc': 84, 'forbidden_arithmetic': 12, 'forbidden_dtype_cast': 10, 'forbidden_layout_copy': 2, 'meta_view': 113, 'readonly_check': 32}
  category                 operator                           site                                         copy  dtype→  count
  readonly_check           aten.isfinite.default              ascend_fla/ops/kda/chunk.py:180 _check_input yes   yes     1
  readonly_check           aten.le.Scalar                     ascend_fla/ops/kda/chunk.py:180 _check_input yes   yes     1
  readonly_check           aten.bitwise_and.Tensor            ascend_fla/ops/kda/chunk.py:180 _check_input yes           1
  readonly_check           aten.all.default                   ascend_fla/ops/kda/chunk.py:180 _check_input yes           1
  readonly_check           aten._local_scalar_dense.default   ascend_fla/ops/kda/chunk.py:180 _check_input               1
  readonly_check           aten.isfinite.default              ascend_fla/ops/kda/chunk.py:183 _check_input yes   yes     1
  readonly_check           aten.gt.Scalar                     ascend_fla/ops/kda/chunk.py:183 _check_input yes   yes     1
  readonly_check           aten.bitwise_and.Tensor            ascend_fla/ops/kda/chunk.py:183 _check_input yes           2
  readonly_check           aten.lt.Scalar                     ascend_fla/ops/kda/chunk.py:183 _check_input yes   yes     1
  readonly_check           aten.all.default                   ascend_fla/ops/kda/chunk.py:183 _check_input yes           1
  readonly_check           aten._local_scalar_dense.default   ascend_fla/ops/kda/chunk.py:182 _check_input               1
  readonly_check           aten._to_copy.default              ascend_fla/ops/kda/chunk.py:187 _check_input yes   yes     2
  readonly_check           aten.linalg_vector_norm.default    ascend_fla/ops/kda/chunk.py:187 _check_input yes           2
  readonly_check           aten.isfinite.default              ascend_fla/ops/kda/chunk.py:188 _check_input yes   yes     2
  readonly_check           aten.le.Scalar                     ascend_fla/ops/kda/chunk.py:188 _check_input yes   yes     2
  readonly_check           aten.bitwise_and.Tensor            ascend_fla/ops/kda/chunk.py:188 _check_input yes           2
  readonly_check           aten.all.default                   ascend_fla/ops/kda/chunk.py:188 _check_input yes           2
  readonly_check           aten._local_scalar_dense.default   ascend_fla/ops/kda/chunk.py:188 _check_input               2
  meta_view                aten.view.default                  ascend_fla/ops/kda/chunk.py:475 _gate_span                 1
  readonly_check           aten.cumsum.default                ascend_fla/ops/kda/chunk.py:475 _gate_span   yes           1
  readonly_check           aten.amax.default                  ascend_fla/ops/kda/chunk.py:476 _gate_span   yes           1
  readonly_check           aten.amin.default                  ascend_fla/ops/kda/chunk.py:476 _gate_span   yes           1
  readonly_check           aten.sub.Tensor                    ascend_fla/ops/kda/chunk.py:476 _gate_span   yes           1
  readonly_check           aten.max.default                   ascend_fla/ops/kda/chunk.py:476 _gate_span   yes           1
  readonly_check           aten._local_scalar_dense.default   ascend_fla/ops/kda/chunk.py:476 _gate_span                 1
  meta_view                aten.view.default                  ascend_fla/ops/kda/chunk.py:417 _to_bhcld                  2
  alloc                    aten.empty.memory_format           ascend_fla/ops/kda/chunk.py:417 _to_bhcld                  2
  meta_view                aten.view.default                  ascend_fla/ops/kda/chunk.py:417 _to_bhcld                  2
  alloc                    aten.empty.memory_format           ascend_fla/ops/kda/chunk.py:417 _to_bhcld                  2
  meta_view                aten.view.default                  ascend_fla/ops/kda/chunk.py:417 _to_bhcld                  1
  alloc                    aten.empty.memory_format           ascend_fla/ops/kda/chunk.py:417 _to_bhcld                  1
  meta_view                aten.view.default                  ascend_fla/ops/kda/chunk.py:417 _to_bhcld                  1
  meta_view                aten.view.default                  ascend_fla/ops/kda/chunk.py:417 _to_bhcld                  1
  alloc                    aten.empty.memory_format           ascend_fla/ops/kda/chunk.py:417 _to_bhcld                  1
  meta_view                aten.view.default                  ascend_fla/ops/kda/chunk.py:417 _to_bhcld                  1
  meta_view                aten.view.default                  ascend_fla/ops/kda/chunk.py:412 _to_bhcld                  1
  alloc                    aten.empty.memory_format           ascend_fla/ops/kda/chunk.py:412 _to_bhcld                  1
  meta_view                aten.view.default                  ascend_fla/ops/kda/chunk.py:412 _to_bhcld                  1
  meta_view                aten.view.default                  ascend_fla/ops/kda/chunk.py:413 _to_bhcld                  1
  alloc                    aten.empty.memory_format           ascend_fla/ops/kda/chunk.py:539 empty                      2
  alloc                    aten.empty.memory_format           ascend_fla/ops/kda/chunk.py:558 _run_chain                 1
  alloc                    aten.empty.memory_format           ascend_fla/ops/kda/chunk.py:539 empty                      2
  alloc                    aten.empty.memory_format           ascend_fla/ops/kda/chunk.py:539 empty                      1
  alloc                    aten.empty.memory_format           ascend_fla/ops/kda/chunk.py:567 _run_chain                 1
  alloc                    aten.empty.memory_format           ascend_fla/ops/kda/chunk.py:576 _run_chain                 1
  alloc                    aten.empty.memory_format           ascend_fla/ops/kda/chunk.py:539 empty                      5
  alloc                    aten.empty.memory_format           ascend_fla/ops/kda/chunk.py:580 _run_chain                 1
  alloc                    aten.empty.memory_format           ascend_fla/ops/kda/chunk.py:539 empty                      1
  alloc                    aten.empty.memory_format           ascend_fla/ops/kda/chunk.py:590 _run_chain                 1
  meta_view                aten.slice.Tensor                  ascend_fla/ops/kda/chunk.py:705 _scan_states               4
  meta_view                aten.select.int                    ascend_fla/ops/kda/chunk.py:705 _scan_states               2
  forbidden_dtype_cast     aten._to_copy.default              ascend_fla/ops/kda/chunk.py:705 _scan_states yes   yes     2
  meta_view                aten.slice.Tensor                  ascend_fla/ops/kda/chunk.py:706 _scan_states               4
  meta_view                aten.select.int                    ascend_fla/ops/kda/chunk.py:706 _scan_states               2
  forbidden_dtype_cast     aten._to_copy.default              ascend_fla/ops/kda/chunk.py:706 _scan_states yes   yes     2
  forbidden_arithmetic     aten.matmul.default                ascend_fla/ops/kda/chunk.py:706 _scan_states yes           2
  forbidden_arithmetic     aten.sub.Tensor                    ascend_fla/ops/kda/chunk.py:706 _scan_states yes           2
  meta_view                aten.slice.Tensor                  ascend_fla/ops/kda/chunk.py:708 _scan_states               4
  meta_view                aten.select.int                    ascend_fla/ops/kda/chunk.py:708 _scan_states               2
  meta_view                aten.select.int                    ascend_fla/ops/kda/chunk.py:708 _scan_states               2
  meta_view                aten.slice.Tensor                  ascend_fla/ops/kda/chunk.py:708 _scan_states               2
  meta_view                aten.unsqueeze.default             ascend_fla/ops/kda/chunk.py:709 _scan_states               2
  forbidden_arithmetic     aten.mul.Tensor                    ascend_fla/ops/kda/chunk.py:709 _scan_states yes           2
  meta_view                aten.slice.Tensor                  ascend_fla/ops/kda/chunk.py:709 _scan_states               4
  meta_view                aten.select.int                    ascend_fla/ops/kda/chunk.py:709 _scan_states               2
  forbidden_dtype_cast     aten._to_copy.default              ascend_fla/ops/kda/chunk.py:709 _scan_states yes   yes     2
  meta_view                aten.transpose.int                 ascend_fla/ops/kda/chunk.py:709 _scan_states               2
  forbidden_arithmetic     aten.matmul.default                ascend_fla/ops/kda/chunk.py:709 _scan_states yes           2
  forbidden_arithmetic     aten.add.Tensor                    ascend_fla/ops/kda/chunk.py:709 _scan_states yes           2
  forbidden_layout_copy    aten.stack.default                 ascend_fla/ops/kda/chunk.py:710 _scan_states yes           1
  forbidden_dtype_cast     aten._to_copy.default              ascend_fla/ops/kda/chunk.py:710 _scan_states yes   yes     1
  forbidden_layout_copy    aten.stack.default                 ascend_fla/ops/kda/chunk.py:711 _scan_states yes           1
  forbidden_dtype_cast     aten._to_copy.default              ascend_fla/ops/kda/chunk.py:711 _scan_states yes   yes     1
  meta_view                aten.view.default                  ascend_fla/ops/kda/chunk.py:429 _from_bhcld                1
  alloc                    aten.empty.memory_format           ascend_fla/ops/kda/chunk.py:429 _from_bhcld                7
  meta_view                aten.view.default                  ascend_fla/ops/kda/chunk.py:429 _from_bhcld                7
  alloc                    aten.empty.memory_format           ascend_fla/ops/kda/chunk.py:429 _from_bhcld                1
  meta_view                aten.view.default                  ascend_fla/ops/kda/chunk.py:432 _from_bhcld                7
  meta_view                aten.view.default                  ascend_fla/ops/kda/chunk.py:429 _from_bhcld                2
  alloc                    aten.empty.memory_format           ascend_fla/ops/kda/chunk.py:429 _from_bhcld                2
  meta_view                aten.view.default                  ascend_fla/ops/kda/chunk.py:429 _from_bhcld                2
  meta_view                aten.view.default                  ascend_fla/ops/kda/chunk.py:432 _from_bhcld                2
  meta_view                aten.view.default                  ascend_fla/ops/kda/chunk.py:429 _from_bhcld                6
  meta_view                aten.view.default                  ascend_fla/ops/kda/autograd.py:50 forward                  1
  alloc                    aten.empty.memory_format           ascend_fla/ops/kda/autograd.py:50 forward                  1
  meta_view                aten.view.default                  ascend_fla/ops/kda/autograd.py:50 forward                  1
  meta_view                aten.view.default                  ascend_fla/ops/kda/autograd.py:50 forward                  1
  forbidden_dtype_cast     aten._to_copy.default              <outside audited roots>:0                    yes   yes     1
  forbidden_arithmetic     aten.sum.default                   <outside audited roots>:0                    yes           1
  alloc                    aten.ones_like.default             <autograd engine: backward of host-side math               1
  meta_view                aten.expand.default                <outside audited roots>:0                                  1
  forbidden_dtype_cast     aten._to_copy.default              <outside audited roots>:0                    yes   yes     1
  alloc                    aten.zeros.default                 <outside audited roots>:0                                  1
  meta_view                aten.view.default                  ascend_fla/ops/kda/autograd.py:68 backward                 1
  alloc                    aten.empty.memory_format           ascend_fla/ops/kda/autograd.py:68 backward                 1
  meta_view                aten.view.default                  ascend_fla/ops/kda/autograd.py:68 backward                 1
  meta_view                aten.view.default                  ascend_fla/ops/kda/autograd.py:68 backward                 1
  meta_view                aten.view.default                  ascend_fla/ops/kda/chunk_bwd.py:260 chunk_kd               1
  meta_view                aten.slice.Tensor                  ascend_fla/ops/kda/chunk_bwd.py:260 chunk_kd               1
  meta_view                aten.view.default                  ascend_fla/ops/kda/chunk_bwd.py:261 chunk_kd               1
  alloc                    aten.empty.memory_format           ascend_fla/ops/kda/chunk_bwd.py:261 chunk_kd               1
  meta_view                aten.view.default                  ascend_fla/ops/kda/chunk_bwd.py:261 chunk_kd               1
  meta_view                aten.view.default                  ascend_fla/ops/kda/chunk_bwd.py:264 chunk_kd               1
  alloc                    aten.empty.memory_format           ascend_fla/ops/kda/chunk_bwd.py:250 empty                  2
  alloc                    aten.empty.memory_format           ascend_fla/ops/kda/chunk_bwd.py:250 empty                  1
  alloc                    aten.empty.memory_format           ascend_fla/ops/kda/chunk_bwd.py:250 empty                  6
  alloc                    aten.empty.memory_format           ascend_fla/ops/kda/chunk_bwd.py:250 empty                  5
  meta_view                aten.view.default                  ascend_fla/ops/kda/chunk_bwd.py:270 chunk_kd               1
  alloc                    aten.empty.memory_format           ascend_fla/ops/kda/chunk_bwd.py:267 chunk_kd               1
  alloc                    aten.empty.memory_format           ascend_fla/ops/kda/chunk_bwd.py:250 empty                  9
  alloc                    aten.empty.memory_format           ascend_fla/ops/kda/chunk_bwd.py:277 chunk_kd               1
  forbidden_arithmetic     aten.neg.default                   ascend_fla/ops/kda/chunk_bwd.py:286 chunk_kd yes           1
  alloc                    aten.empty.memory_format           ascend_fla/ops/kda/chunk_bwd.py:250 empty                  1
  alloc                    aten.empty.memory_format           ascend_fla/ops/kda/chunk_bwd.py:291 chunk_kd               1
  alloc                    aten.empty.memory_format           ascend_fla/ops/kda/chunk_bwd.py:250 empty                  4
  alloc                    aten.empty.memory_format           ascend_fla/ops/kda/chunk_bwd.py:301 chunk_kd               1
  meta_view                aten.view.default                  ascend_fla/ops/kda/chunk_bwd.py:309 chunk_kd               1
  alloc                    aten.empty.memory_format           ascend_fla/ops/kda/chunk_bwd.py:308 chunk_kd               1
  alloc                    aten.empty.memory_format           ascend_fla/ops/kda/chunk_bwd.py:317 chunk_kd               1
  meta_view                aten.view.default                  ascend_fla/ops/kda/chunk_bwd.py:327 flat                   3
  meta_view                aten.view.default                  ascend_fla/ops/kda/chunk_bwd.py:327 flat                   3
  alloc                    aten.empty.memory_format           ascend_fla/ops/kda/chunk_bwd.py:330 chunk_kd               1
  alloc                    aten.empty.memory_format           ascend_fla/ops/kda/chunk_bwd.py:250 empty                  2
  alloc                    aten.empty.memory_format           ascend_fla/ops/kda/chunk_bwd.py:250 empty                  1
  meta_view                aten.view.default                  ascend_fla/ops/kda/chunk_bwd.py:339 chunked                4
  alloc                    aten.empty.memory_format           ascend_fla/ops/kda/chunk_bwd.py:344 chunk_kd               1
  alloc                    aten.empty.memory_format           ascend_fla/ops/kda/chunk_bwd.py:250 empty                  2
  alloc                    aten.empty.memory_format           ascend_fla/ops/kda/chunk_bwd.py:355 chunk_kd               1
  meta_view                aten.view.default                  ascend_fla/ops/kda/autograd.py:82 backward                 1
  alloc                    aten.empty.memory_format           ascend_fla/ops/kda/autograd.py:82 backward                 1
  meta_view                aten.view.default                  ascend_fla/ops/kda/autograd.py:82 backward                 1
  alloc                    aten.empty.memory_format           ascend_fla/ops/kda/autograd.py:82 backward                 1
  meta_view                aten.view.default                  ascend_fla/ops/kda/autograd.py:82 backward                 1
  meta_view                aten.view.default                  ascend_fla/ops/kda/autograd.py:83 backward                 1
  alloc                    aten.empty.memory_format           ascend_fla/ops/kda/autograd.py:83 backward                 1
  meta_view                aten.view.default                  ascend_fla/ops/kda/autograd.py:83 backward                 1
  meta_view                aten.view.default                  ascend_fla/ops/kda/autograd.py:83 backward                 1
  meta_view                aten.view.default                  ascend_fla/ops/kda/autograd.py:85 backward                 1
  alloc                    aten.empty.memory_format           ascend_fla/ops/kda/autograd.py:85 backward                 1
  meta_view                aten.view.default                  ascend_fla/ops/kda/autograd.py:85 backward                 1
  meta_view                aten.view.default                  ascend_fla/ops/kda/autograd.py:85 backward                 1
  meta_view                aten.detach.default                <outside audited roots>:0                                  2
  meta_view                aten.detach.default                <outside audited roots>:0                                  1
  meta_view                aten.detach.default                <outside audited roots>:0                                  2
  meta_view                aten.detach.default                <outside audited roots>:0                                  2
  meta_view                aten.detach.default                <outside audited roots>:0                                  2
wrote 1 case file(s) + summary.json to benchmarks/evidence/host_op_audit/run-a5-final
can not use command: npu-smi info
[perf] @kda_sub2_score_stable_kernel.vec #164 kernels<path>/kernels/intra.py:238:16: warning: ub_to_l1.nd2nz composes multiple MTE3 bursts (one per NZ fractal column of the ND rows) — not a single instruction, and board-measured 10x slower than the compact-NZ move (D-084); store the tile as compact NZ from the @vf instead (a strided vf.store writes the fractal directly) and move it with the plain ub_to_l1. WHEN YOU DO: pad the staging tile by one row so that store's block stride is ODD. The natural stride is the tile's row count, which is 16-aligned by nature and so is the worst rung of the bank ladder (~8.7 cycles a store against ~1.1, D-084) — on the two kernels reworked in D-226 the padding was worth MORE than this move is (-12.3 and -10.8 us of -17.7 and -28.2), and it is worth taking blind: one UB row, and it only ever costs nothing when the store pipe is idle anyway
[perf] @kda_sub2_score_stable_kernel.vec #170 kernels<path>/kernels/intra.py:239:16: warning: ub_to_l1.nd2nz composes multiple MTE3 bursts (one per NZ fractal column of the ND rows) — not a single instruction, and board-measured 10x slower than the compact-NZ move (D-084); store the tile as compact NZ from the @vf instead (a strided vf.store writes the fractal directly) and move it with the plain ub_to_l1. WHEN YOU DO: pad the staging tile by one row so that store's block stride is ODD. The natural stride is the tile's row count, which is 16-aligned by nature and so is the worst rung of the bank ladder (~8.7 cycles a store against ~1.1, D-084) — on the two kernels reworked in D-226 the padding was worth MORE than this move is (-12.3 and -10.8 us of -17.7 and -28.2), and it is worth taking blind: one UB row, and it only ever costs nothing when the store pipe is idle anyway
[perf] @kda_sub2_score_stable_kernel.vec #176 kernels<path>/kernels/intra.py:240:16: warning: ub_to_l1.nd2nz composes multiple MTE3 bursts (one per NZ fractal column of the ND rows) — not a single instruction, and board-measured 10x slower than the compact-NZ move (D-084); store the tile as compact NZ from the @vf instead (a strided vf.store writes the fractal directly) and move it with the plain ub_to_l1. WHEN YOU DO: pad the staging tile by one row so that store's block stride is ODD. The natural stride is the tile's row count, which is 16-aligned by nature and so is the worst rung of the bank ladder (~8.7 cycles a store against ~1.1, D-084) — on the two kernels reworked in D-226 the padding was worth MORE than this move is (-12.3 and -10.8 us of -17.7 and -28.2), and it is worth taking blind: one UB row, and it only ever costs nothing when the store pipe is idle anyway
[perf] @tril_inverse64_v2_strict_bf16_kernel.vec #101 <ascriptor><path>/kernels/triangular_inverse.py:202:16: warning: ub_to_l1.nd2nz composes multiple MTE3 bursts (one per NZ fractal column of the ND rows) — not a single instruction, and board-measured 10x slower than the compact-NZ move (D-084); store the tile as compact NZ from the @vf instead (a strided vf.store writes the fractal directly) and move it with the plain ub_to_l1. WHEN YOU DO: pad the staging tile by one row so that store's block stride is ODD. The natural stride is the tile's row count, which is 16-aligned by nature and so is the worst rung of the bank ladder (~8.7 cycles a store against ~1.1, D-084) — on the two kernels reworked in D-226 the padding was worth MORE than this move is (-12.3 and -10.8 us of -17.7 and -28.2), and it is worth taking blind: one UB row, and it only ever costs nothing when the store pipe is idle anyway
[perf] @tril_inverse64_v2_strict_bf16_kernel.vec #156 <ascriptor><path>/kernels/triangular_inverse.py:209:16: warning: ub_to_l1.nd2nz composes multiple MTE3 bursts (one per NZ fractal column of the ND rows) — not a single instruction, and board-measured 10x slower than the compact-NZ move (D-084); store the tile as compact NZ from the @vf instead (a strided vf.store writes the fractal directly) and move it with the plain ub_to_l1. WHEN YOU DO: pad the staging tile by one row so that store's block stride is ODD. The natural stride is the tile's row count, which is 16-aligned by nature and so is the worst rung of the bank ladder (~8.7 cycles a store against ~1.1, D-084) — on the two kernels reworked in D-226 the padding was worth MORE than this move is (-12.3 and -10.8 us of -17.7 and -28.2), and it is worth taking blind: one UB row, and it only ever costs nothing when the store pipe is idle anyway
[perf] @tril_inverse64_v2_strict_bf16_kernel.vec #158 <ascriptor><path>/kernels/triangular_inverse.py:210:16: warning: ub_to_l1.nd2nz composes multiple MTE3 bursts (one per NZ fractal column of the ND rows) — not a single instruction, and board-measured 10x slower than the compact-NZ move (D-084); store the tile as compact NZ from the @vf instead (a strided vf.store writes the fractal directly) and move it with the plain ub_to_l1. WHEN YOU DO: pad the staging tile by one row so that store's block stride is ODD. The natural stride is the tile's row count, which is 16-aligned by nature and so is the worst rung of the bank ladder (~8.7 cycles a store against ~1.1, D-084) — on the two kernels reworked in D-226 the padding was worth MORE than this move is (-12.3 and -10.8 us of -17.7 and -28.2), and it is worth taking blind: one UB row, and it only ever costs nothing when the store pipe is idle anyway
[perf] @tril_inverse64_v2_strict_bf16_kernel.vec #242 <ascriptor><path>/kernels/triangular_inverse.py:226:16: warning: ub_to_l1.nd2nz composes multiple MTE3 bursts (one per NZ fractal column of the ND rows) — not a single instruction, and board-measured 10x slower than the compact-NZ move (D-084); store the tile as compact NZ from the @vf instead (a strided vf.store writes the fractal directly) and move it with the plain ub_to_l1. WHEN YOU DO: pad the staging tile by one row so that store's block stride is ODD. The natural stride is the tile's row count, which is 16-aligned by nature and so is the worst rung of the bank ladder (~8.7 cycles a store against ~1.1, D-084) — on the two kernels reworked in D-226 the padding was worth MORE than this move is (-12.3 and -10.8 us of -17.7 and -28.2), and it is worth taking blind: one UB row, and it only ever costs nothing when the store pipe is idle anyway
[perf] @tril_inverse64_v2_strict_bf16_kernel.vec #244 <ascriptor><path>/kernels/triangular_inverse.py:227:16: warning: ub_to_l1.nd2nz composes multiple MTE3 bursts (one per NZ fractal column of the ND rows) — not a single instruction, and board-measured 10x slower than the compact-NZ move (D-084); store the tile as compact NZ from the @vf instead (a strided vf.store writes the fractal directly) and move it with the plain ub_to_l1. WHEN YOU DO: pad the staging tile by one row so that store's block stride is ODD. The natural stride is the tile's row count, which is 16-aligned by nature and so is the worst rung of the bank ladder (~8.7 cycles a store against ~1.1, D-084) — on the two kernels reworked in D-226 the padding was worth MORE than this move is (-12.3 and -10.8 us of -17.7 and -28.2), and it is worth taking blind: one UB row, and it only ever costs nothing when the store pipe is idle anyway
[perf] @tril_inverse64_v2_strict_bf16_kernel.vec #246 <ascriptor><path>/kernels/triangular_inverse.py:228:16: warning: ub_to_l1.nd2nz composes multiple MTE3 bursts (one per NZ fractal column of the ND rows) — not a single instruction, and board-measured 10x slower than the compact-NZ move (D-084); store the tile as compact NZ from the @vf instead (a strided vf.store writes the fractal directly) and move it with the plain ub_to_l1. WHEN YOU DO: pad the staging tile by one row so that store's block stride is ODD. The natural stride is the tile's row count, which is 16-aligned by nature and so is the worst rung of the bank ladder (~8.7 cycles a store against ~1.1, D-084) — on the two kernels reworked in D-226 the padding was worth MORE than this move is (-12.3 and -10.8 us of -17.7 and -28.2), and it is worth taking blind: one UB row, and it only ever costs nothing when the store pipe is idle anyway
[perf] @tril_inverse64_v2_strict_bf16_kernel.vec #248 <ascriptor><path>/kernels/triangular_inverse.py:229:16: warning: ub_to_l1.nd2nz composes multiple MTE3 bursts (one per NZ fractal column of the ND rows) — not a single instruction, and board-measured 10x slower than the compact-NZ move (D-084); store the tile as compact NZ from the @vf instead (a strided vf.store writes the fractal directly) and move it with the plain ub_to_l1. WHEN YOU DO: pad the staging tile by one row so that store's block stride is ODD. The natural stride is the tile's row count, which is 16-aligned by nature and so is the worst rung of the bank ladder (~8.7 cycles a store against ~1.1, D-084) — on the two kernels reworked in D-226 the padding was worth MORE than this move is (-12.3 and -10.8 us of -17.7 and -28.2), and it is worth taking blind: one UB row, and it only ever costs nothing when the store pipe is idle anyway
[perf] @tril_inverse64_v2_strict_bf16_kernel.vec #305 <ascriptor><path>/kernels/triangular_inverse.py:237:16: warning: ub_to_l1.nd2nz composes multiple MTE3 bursts (one per NZ fractal column of the ND rows) — not a single instruction, and board-measured 10x slower than the compact-NZ move (D-084); store the tile as compact NZ from the @vf instead (a strided vf.store writes the fractal directly) and move it with the plain ub_to_l1. WHEN YOU DO: pad the staging tile by one row so that store's block stride is ODD. The natural stride is the tile's row count, which is 16-aligned by nature and so is the worst rung of the bank ladder (~8.7 cycles a store against ~1.1, D-084) — on the two kernels reworked in D-226 the padding was worth MORE than this move is (-12.3 and -10.8 us of -17.7 and -28.2), and it is worth taking blind: one UB row, and it only ever costs nothing when the store pipe is idle anyway
[perf] @tril_inverse64_v2_strict_bf16_kernel.vec #307 <ascriptor><path>/kernels/triangular_inverse.py:238:16: warning: ub_to_l1.nd2nz composes multiple MTE3 bursts (one per NZ fractal column of the ND rows) — not a single instruction, and board-measured 10x slower than the compact-NZ move (D-084); store the tile as compact NZ from the @vf instead (a strided vf.store writes the fractal directly) and move it with the plain ub_to_l1. WHEN YOU DO: pad the staging tile by one row so that store's block stride is ODD. The natural stride is the tile's row count, which is 16-aligned by nature and so is the worst rung of the bank ladder (~8.7 cycles a store against ~1.1, D-084) — on the two kernels reworked in D-226 the padding was worth MORE than this move is (-12.3 and -10.8 us of -17.7 and -28.2), and it is worth taking blind: one UB row, and it only ever costs nothing when the store pipe is idle anyway
[perf] @tril_inverse64_v2_strict_bf16_kernel.vec #309 <ascriptor><path>/kernels/triangular_inverse.py:239:16: warning: ub_to_l1.nd2nz composes multiple MTE3 bursts (one per NZ fractal column of the ND rows) — not a single instruction, and board-measured 10x slower than the compact-NZ move (D-084); store the tile as compact NZ from the @vf instead (a strided vf.store writes the fractal directly) and move it with the plain ub_to_l1. WHEN YOU DO: pad the staging tile by one row so that store's block stride is ODD. The natural stride is the tile's row count, which is 16-aligned by nature and so is the worst rung of the bank ladder (~8.7 cycles a store against ~1.1, D-084) — on the two kernels reworked in D-226 the padding was worth MORE than this move is (-12.3 and -10.8 us of -17.7 and -28.2), and it is worth taking blind: one UB row, and it only ever costs nothing when the store pipe is idle anyway
[perf] @kda_sub3_wy_stable_kernel.vec #181 kernels<path>/kernels/wy.py:192:12: warning: ub_to_l1.nd2nz composes multiple MTE3 bursts (one per NZ fractal column of the ND rows) — not a single instruction, and board-measured 10x slower than the compact-NZ move (D-084); store the tile as compact NZ from the @vf instead (a strided vf.store writes the fractal directly) and move it with the plain ub_to_l1. WHEN YOU DO: pad the staging tile by one row so that store's block stride is ODD. The natural stride is the tile's row count, which is 16-aligned by nature and so is the worst rung of the bank ladder (~8.7 cycles a store against ~1.1, D-084) — on the two kernels reworked in D-226 the padding was worth MORE than this move is (-12.3 and -10.8 us of -17.7 and -28.2), and it is worth taking blind: one UB row, and it only ever costs nothing when the store pipe is idle anyway
[perf] @kda_sub3_wy_stable_kernel.vec #187 kernels<path>/kernels/wy.py:193:12: warning: ub_to_l1.nd2nz composes multiple MTE3 bursts (one per NZ fractal column of the ND rows) — not a single instruction, and board-measured 10x slower than the compact-NZ move (D-084); store the tile as compact NZ from the @vf instead (a strided vf.store writes the fractal directly) and move it with the plain ub_to_l1. WHEN YOU DO: pad the staging tile by one row so that store's block stride is ODD. The natural stride is the tile's row count, which is 16-aligned by nature and so is the worst rung of the bank ladder (~8.7 cycles a store against ~1.1, D-084) — on the two kernels reworked in D-226 the padding was worth MORE than this move is (-12.3 and -10.8 us of -17.7 and -28.2), and it is worth taking blind: one UB row, and it only ever costs nothing when the store pipe is idle anyway
[perf] @kda_sub45_aqk_repaired_kernel.vec #144 kernels<path>/kernels/recurrent.py:210:16: warning: ub_to_l1.nd2nz composes multiple MTE3 bursts (one per NZ fractal column of the ND rows) — not a single instruction, and board-measured 10x slower than the compact-NZ move (D-084); store the tile as compact NZ from the @vf instead (a strided vf.store writes the fractal directly) and move it with the plain ub_to_l1. WHEN YOU DO: pad the staging tile by one row so that store's block stride is ODD. The natural stride is the tile's row count, which is 16-aligned by nature and so is the worst rung of the bank ladder (~8.7 cycles a store against ~1.1, D-084) — on the two kernels reworked in D-226 the padding was worth MORE than this move is (-12.3 and -10.8 us of -17.7 and -28.2), and it is worth taking blind: one UB row, and it only ever costs nothing when the store pipe is idle anyway
[perf] @kda_sub45_aqk_repaired_kernel.vec #213 kernels<path>/kernels/recurrent.py:234:12: warning: ub_to_l1.nd2nz composes multiple MTE3 bursts (one per NZ fractal column of the ND rows) — not a single instruction, and board-measured 10x slower than the compact-NZ move (D-084); store the tile as compact NZ from the @vf instead (a strided vf.store writes the fractal directly) and move it with the plain ub_to_l1. WHEN YOU DO: pad the staging tile by one row so that store's block stride is ODD. The natural stride is the tile's row count, which is 16-aligned by nature and so is the worst rung of the bank ladder (~8.7 cycles a store against ~1.1, D-084) — on the two kernels reworked in D-226 the padding was worth MORE than this move is (-12.3 and -10.8 us of -17.7 and -28.2), and it is worth taking blind: one UB row, and it only ever costs nothing when the store pipe is idle anyway
[perf] @kda_sub45_aqk_repaired_kernel.vec #371 kernels<path>/kernels/recurrent.py:314:16: warning: ub_to_l1.nd2nz composes multiple MTE3 bursts (one per NZ fractal column of the ND rows) — not a single instruction, and board-measured 10x slower than the compact-NZ move (D-084); store the tile as compact NZ from the @vf instead (a strided vf.store writes the fractal directly) and move it with the plain ub_to_l1. WHEN YOU DO: pad the staging tile by one row so that store's block stride is ODD. The natural stride is the tile's row count, which is 16-aligned by nature and so is the worst rung of the bank ladder (~8.7 cycles a store against ~1.1, D-084) — on the two kernels reworked in D-226 the padding was worth MORE than this move is (-12.3 and -10.8 us of -17.7 and -28.2), and it is worth taking blind: one UB row, and it only ever costs nothing when the store pipe is idle anyway
[perf] @snapshot_and_cast_state_vf #106 <ascriptor><path>/kernels/scan_fused.py:53:8: warning: strided block store with an even block stride (64): consecutive datablocks hit conflicting UB banks and the store port serialises (board-measured: ~2x an odd stride, ~8x at multiples of 16 — D-084); pad the destination row so the stride is odd (65) to restore the flat rate
[perf] @add_dv_and_cast_bf16_vf #260 <ascriptor><path>/kernels/scan_fused.py:77:8: warning: strided block store with an even block stride (32): consecutive datablocks hit conflicting UB banks and the store port serialises (board-measured: ~2x an odd stride, ~8x at multiples of 16 — D-084); pad the destination row so the stride is odd (33) to restore the flat rate
[perf] @update_dstate_vf #457 <ascriptor><path>/kernels/scan_fused.py:135:8: warning: strided block store with an even block stride (64): consecutive datablocks hit conflicting UB banks and the store port serialises (board-measured: ~2x an odd stride, ~8x at multiples of 16 — D-084); pad the destination row so the stride is odd (65) to restore the flat rate
[perf] @inverse_mm_bounded_kernel.vec #117 kernels<path>/kernels/inverse_mm.py:120:16: warning: ub_to_l1.nd2nz composes multiple MTE3 bursts (one per NZ fractal column of the ND rows) — not a single instruction, and board-measured 10x slower than the compact-NZ move (D-084); store the tile as compact NZ from the @vf instead (a strided vf.store writes the fractal directly) and move it with the plain ub_to_l1. WHEN YOU DO: pad the staging tile by one row so that store's block stride is ODD. The natural stride is the tile's row count, which is 16-aligned by nature and so is the worst rung of the bank ladder (~8.7 cycles a store against ~1.1, D-084) — on the two kernels reworked in D-226 the padding was worth MORE than this move is (-12.3 and -10.8 us of -17.7 and -28.2), and it is worth taking blind: one UB row, and it only ever costs nothing when the store pipe is idle anyway
[perf] @inverse_dakk_fused_kernel.vec #85 <ascriptor><path>/kernels/inverse_dakk_fused.py:99:16: warning: ub_to_l1.nd2nz composes multiple MTE3 bursts (one per NZ fractal column of the ND rows) — not a single instruction, and board-measured 10x slower than the compact-NZ move (D-084); store the tile as compact NZ from the @vf instead (a strided vf.store writes the fractal directly) and move it with the plain ub_to_l1. WHEN YOU DO: pad the staging tile by one row so that store's block stride is ODD. The natural stride is the tile's row count, which is 16-aligned by nature and so is the worst rung of the bank ladder (~8.7 cycles a store against ~1.1, D-084) — on the two kernels reworked in D-226 the padding was worth MORE than this move is (-12.3 and -10.8 us of -17.7 and -28.2), and it is worth taking blind: one UB row, and it only ever costs nothing when the store pipe is idle anyway
<home><path>/autograd/__init__.py:221: UserWarning: Cannot create tensor with interal format while allow_internel_format=False, tensor will be created with base format. (Triggered internally at ..<path>/common/TensorFactories.cpp:340.)
  torch.ones_like(out, memory_format=torch.preserve_format)
=== kda.chunk_kda.rawflags_nograd: <repo>/benchmarks/host_op_audit.py --case kda.chunk_kda.rawflags_nograd --device npu --roots ascend_fla/ops --output benchmarks/evidence/host_op_audit/run-a5-final --in-process
can not use command: npu-smi info
[perf] @kda_sub2_score_stable_kernel.vec #164 kernels<path>/kernels/intra.py:238:16: warning: ub_to_l1.nd2nz composes multiple MTE3 bursts (one per NZ fractal column of the ND rows) — not a single instruction, and board-measured 10x slower than the compact-NZ move (D-084); store the tile as compact NZ from the @vf instead (a strided vf.store writes the fractal directly) and move it with the plain ub_to_l1. WHEN YOU DO: pad the staging tile by one row so that store's block stride is ODD. The natural stride is the tile's row count, which is 16-aligned by nature and so is the worst rung of the bank ladder (~8.7 cycles a store against ~1.1, D-084) — on the two kernels reworked in D-226 the padding was worth MORE than this move is (-12.3 and -10.8 us of -17.7 and -28.2), and it is worth taking blind: one UB row, and it only ever costs nothing when the store pipe is idle anyway
[perf] @kda_sub2_score_stable_kernel.vec #170 kernels<path>/kernels/intra.py:239:16: warning: ub_to_l1.nd2nz composes multiple MTE3 bursts (one per NZ fractal column of the ND rows) — not a single instruction, and board-measured 10x slower than the compact-NZ move (D-084); store the tile as compact NZ from the @vf instead (a strided vf.store writes the fractal directly) and move it with the plain ub_to_l1. WHEN YOU DO: pad the staging tile by one row so that store's block stride is ODD. The natural stride is the tile's row count, which is 16-aligned by nature and so is the worst rung of the bank ladder (~8.7 cycles a store against ~1.1, D-084) — on the two kernels reworked in D-226 the padding was worth MORE than this move is (-12.3 and -10.8 us of -17.7 and -28.2), and it is worth taking blind: one UB row, and it only ever costs nothing when the store pipe is idle anyway
[perf] @kda_sub2_score_stable_kernel.vec #176 kernels<path>/kernels/intra.py:240:16: warning: ub_to_l1.nd2nz composes multiple MTE3 bursts (one per NZ fractal column of the ND rows) — not a single instruction, and board-measured 10x slower than the compact-NZ move (D-084); store the tile as compact NZ from the @vf instead (a strided vf.store writes the fractal directly) and move it with the plain ub_to_l1. WHEN YOU DO: pad the staging tile by one row so that store's block stride is ODD. The natural stride is the tile's row count, which is 16-aligned by nature and so is the worst rung of the bank ladder (~8.7 cycles a store against ~1.1, D-084) — on the two kernels reworked in D-226 the padding was worth MORE than this move is (-12.3 and -10.8 us of -17.7 and -28.2), and it is worth taking blind: one UB row, and it only ever costs nothing when the store pipe is idle anyway
[perf] @tril_inverse64_v2_strict_bf16_kernel.vec #101 <ascriptor><path>/kernels/triangular_inverse.py:202:16: warning: ub_to_l1.nd2nz composes multiple MTE3 bursts (one per NZ fractal column of the ND rows) — not a single instruction, and board-measured 10x slower than the compact-NZ move (D-084); store the tile as compact NZ from the @vf instead (a strided vf.store writes the fractal directly) and move it with the plain ub_to_l1. WHEN YOU DO: pad the staging tile by one row so that store's block stride is ODD. The natural stride is the tile's row count, which is 16-aligned by nature and so is the worst rung of the bank ladder (~8.7 cycles a store against ~1.1, D-084) — on the two kernels reworked in D-226 the padding was worth MORE than this move is (-12.3 and -10.8 us of -17.7 and -28.2), and it is worth taking blind: one UB row, and it only ever costs nothing when the store pipe is idle anyway
[perf] @tril_inverse64_v2_strict_bf16_kernel.vec #156 <ascriptor><path>/kernels/triangular_inverse.py:209:16: warning: ub_to_l1.nd2nz composes multiple MTE3 bursts (one per NZ fractal column of the ND rows) — not a single instruction, and board-measured 10x slower than the compact-NZ move (D-084); store the tile as compact NZ from the @vf instead (a strided vf.store writes the fractal directly) and move it with the plain ub_to_l1. WHEN YOU DO: pad the staging tile by one row so that store's block stride is ODD. The natural stride is the tile's row count, which is 16-aligned by nature and so is the worst rung of the bank ladder (~8.7 cycles a store against ~1.1, D-084) — on the two kernels reworked in D-226 the padding was worth MORE than this move is (-12.3 and -10.8 us of -17.7 and -28.2), and it is worth taking blind: one UB row, and it only ever costs nothing when the store pipe is idle anyway
[perf] @tril_inverse64_v2_strict_bf16_kernel.vec #158 <ascriptor><path>/kernels/triangular_inverse.py:210:16: warning: ub_to_l1.nd2nz composes multiple MTE3 bursts (one per NZ fractal column of the ND rows) — not a single instruction, and board-measured 10x slower than the compact-NZ move (D-084); store the tile as compact NZ from the @vf instead (a strided vf.store writes the fractal directly) and move it with the plain ub_to_l1. WHEN YOU DO: pad the staging tile by one row so that store's block stride is ODD. The natural stride is the tile's row count, which is 16-aligned by nature and so is the worst rung of the bank ladder (~8.7 cycles a store against ~1.1, D-084) — on the two kernels reworked in D-226 the padding was worth MORE than this move is (-12.3 and -10.8 us of -17.7 and -28.2), and it is worth taking blind: one UB row, and it only ever costs nothing when the store pipe is idle anyway
[perf] @tril_inverse64_v2_strict_bf16_kernel.vec #242 <ascriptor><path>/kernels/triangular_inverse.py:226:16: warning: ub_to_l1.nd2nz composes multiple MTE3 bursts (one per NZ fractal column of the ND rows) — not a single instruction, and board-measured 10x slower than the compact-NZ move (D-084); store the tile as compact NZ from the @vf instead (a strided vf.store writes the fractal directly) and move it with the plain ub_to_l1. WHEN YOU DO: pad the staging tile by one row so that store's block stride is ODD. The natural stride is the tile's row count, which is 16-aligned by nature and so is the worst rung of the bank ladder (~8.7 cycles a store against ~1.1, D-084) — on the two kernels reworked in D-226 the padding was worth MORE than this move is (-12.3 and -10.8 us of -17.7 and -28.2), and it is worth taking blind: one UB row, and it only ever costs nothing when the store pipe is idle anyway
[perf] @tril_inverse64_v2_strict_bf16_kernel.vec #244 <ascriptor><path>/kernels/triangular_inverse.py:227:16: warning: ub_to_l1.nd2nz composes multiple MTE3 bursts (one per NZ fractal column of the ND rows) — not a single instruction, and board-measured 10x slower than the compact-NZ move (D-084); store the tile as compact NZ from the @vf instead (a strided vf.store writes the fractal directly) and move it with the plain ub_to_l1. WHEN YOU DO: pad the staging tile by one row so that store's block stride is ODD. The natural stride is the tile's row count, which is 16-aligned by nature and so is the worst rung of the bank ladder (~8.7 cycles a store against ~1.1, D-084) — on the two kernels reworked in D-226 the padding was worth MORE than this move is (-12.3 and -10.8 us of -17.7 and -28.2), and it is worth taking blind: one UB row, and it only ever costs nothing when the store pipe is idle anyway
[perf] @tril_inverse64_v2_strict_bf16_kernel.vec #246 <ascriptor><path>/kernels/triangular_inverse.py:228:16: warning: ub_to_l1.nd2nz composes multiple MTE3 bursts (one per NZ fractal column of the ND rows) — not a single instruction, and board-measured 10x slower than the compact-NZ move (D-084); store the tile as compact NZ from the @vf instead (a strided vf.store writes the fractal directly) and move it with the plain ub_to_l1. WHEN YOU DO: pad the staging tile by one row so that store's block stride is ODD. The natural stride is the tile's row count, which is 16-aligned by nature and so is the worst rung of the bank ladder (~8.7 cycles a store against ~1.1, D-084) — on the two kernels reworked in D-226 the padding was worth MORE than this move is (-12.3 and -10.8 us of -17.7 and -28.2), and it is worth taking blind: one UB row, and it only ever costs nothing when the store pipe is idle anyway
[perf] @tril_inverse64_v2_strict_bf16_kernel.vec #248 <ascriptor><path>/kernels/triangular_inverse.py:229:16: warning: ub_to_l1.nd2nz composes multiple MTE3 bursts (one per NZ fractal column of the ND rows) — not a single instruction, and board-measured 10x slower than the compact-NZ move (D-084); store the tile as compact NZ from the @vf instead (a strided vf.store writes the fractal directly) and move it with the plain ub_to_l1. WHEN YOU DO: pad the staging tile by one row so that store's block stride is ODD. The natural stride is the tile's row count, which is 16-aligned by nature and so is the worst rung of the bank ladder (~8.7 cycles a store against ~1.1, D-084) — on the two kernels reworked in D-226 the padding was worth MORE than this move is (-12.3 and -10.8 us of -17.7 and -28.2), and it is worth taking blind: one UB row, and it only ever costs nothing when the store pipe is idle anyway
[perf] @tril_inverse64_v2_strict_bf16_kernel.vec #305 <ascriptor><path>/kernels/triangular_inverse.py:237:16: warning: ub_to_l1.nd2nz composes multiple MTE3 bursts (one per NZ fractal column of the ND rows) — not a single instruction, and board-measured 10x slower than the compact-NZ move (D-084); store the tile as compact NZ from the @vf instead (a strided vf.store writes the fractal directly) and move it with the plain ub_to_l1. WHEN YOU DO: pad the staging tile by one row so that store's block stride is ODD. The natural stride is the tile's row count, which is 16-aligned by nature and so is the worst rung of the bank ladder (~8.7 cycles a store against ~1.1, D-084) — on the two kernels reworked in D-226 the padding was worth MORE than this move is (-12.3 and -10.8 us of -17.7 and -28.2), and it is worth taking blind: one UB row, and it only ever costs nothing when the store pipe is idle anyway
[perf] @tril_inverse64_v2_strict_bf16_kernel.vec #307 <ascriptor><path>/kernels/triangular_inverse.py:238:16: warning: ub_to_l1.nd2nz composes multiple MTE3 bursts (one per NZ fractal column of the ND rows) — not a single instruction, and board-measured 10x slower than the compact-NZ move (D-084); store the tile as compact NZ from the @vf instead (a strided vf.store writes the fractal directly) and move it with the plain ub_to_l1. WHEN YOU DO: pad the staging tile by one row so that store's block stride is ODD. The natural stride is the tile's row count, which is 16-aligned by nature and so is the worst rung of the bank ladder (~8.7 cycles a store against ~1.1, D-084) — on the two kernels reworked in D-226 the padding was worth MORE than this move is (-12.3 and -10.8 us of -17.7 and -28.2), and it is worth taking blind: one UB row, and it only ever costs nothing when the store pipe is idle anyway
[perf] @tril_inverse64_v2_strict_bf16_kernel.vec #309 <ascriptor><path>/kernels/triangular_inverse.py:239:16: warning: ub_to_l1.nd2nz composes multiple MTE3 bursts (one per NZ fractal column of the ND rows) — not a single instruction, and board-measured 10x slower than the compact-NZ move (D-084); store the tile as compact NZ from the @vf instead (a strided vf.store writes the fractal directly) and move it with the plain ub_to_l1. WHEN YOU DO: pad the staging tile by one row so that store's block stride is ODD. The natural stride is the tile's row count, which is 16-aligned by nature and so is the worst rung of the bank ladder (~8.7 cycles a store against ~1.1, D-084) — on the two kernels reworked in D-226 the padding was worth MORE than this move is (-12.3 and -10.8 us of -17.7 and -28.2), and it is worth taking blind: one UB row, and it only ever costs nothing when the store pipe is idle anyway
[perf] @kda_sub3_wy_stable_kernel.vec #181 kernels<path>/kernels/wy.py:192:12: warning: ub_to_l1.nd2nz composes multiple MTE3 bursts (one per NZ fractal column of the ND rows) — not a single instruction, and board-measured 10x slower than the compact-NZ move (D-084); store the tile as compact NZ from the @vf instead (a strided vf.store writes the fractal directly) and move it with the plain ub_to_l1. WHEN YOU DO: pad the staging tile by one row so that store's block stride is ODD. The natural stride is the tile's row count, which is 16-aligned by nature and so is the worst rung of the bank ladder (~8.7 cycles a store against ~1.1, D-084) — on the two kernels reworked in D-226 the padding was worth MORE than this move is (-12.3 and -10.8 us of -17.7 and -28.2), and it is worth taking blind: one UB row, and it only ever costs nothing when the store pipe is idle anyway
[perf] @kda_sub3_wy_stable_kernel.vec #187 kernels<path>/kernels/wy.py:193:12: warning: ub_to_l1.nd2nz composes multiple MTE3 bursts (one per NZ fractal column of the ND rows) — not a single instruction, and board-measured 10x slower than the compact-NZ move (D-084); store the tile as compact NZ from the @vf instead (a strided vf.store writes the fractal directly) and move it with the plain ub_to_l1. WHEN YOU DO: pad the staging tile by one row so that store's block stride is ODD. The natural stride is the tile's row count, which is 16-aligned by nature and so is the worst rung of the bank ladder (~8.7 cycles a store against ~1.1, D-084) — on the two kernels reworked in D-226 the padding was worth MORE than this move is (-12.3 and -10.8 us of -17.7 and -28.2), and it is worth taking blind: one UB row, and it only ever costs nothing when the store pipe is idle anyway
[perf] @kda_sub45_aqk_repaired_kernel.vec #144 kernels<path>/kernels/recurrent.py:210:16: warning: ub_to_l1.nd2nz composes multiple MTE3 bursts (one per NZ fractal column of the ND rows) — not a single instruction, and board-measured 10x slower than the compact-NZ move (D-084); store the tile as compact NZ from the @vf instead (a strided vf.store writes the fractal directly) and move it with the plain ub_to_l1. WHEN YOU DO: pad the staging tile by one row so that store's block stride is ODD. The natural stride is the tile's row count, which is 16-aligned by nature and so is the worst rung of the bank ladder (~8.7 cycles a store against ~1.1, D-084) — on the two kernels reworked in D-226 the padding was worth MORE than this move is (-12.3 and -10.8 us of -17.7 and -28.2), and it is worth taking blind: one UB row, and it only ever costs nothing when the store pipe is idle anyway
[perf] @kda_sub45_aqk_repaired_kernel.vec #213 kernels<path>/kernels/recurrent.py:234:12: warning: ub_to_l1.nd2nz composes multiple MTE3 bursts (one per NZ fractal column of the ND rows) — not a single instruction, and board-measured 10x slower than the compact-NZ move (D-084); store the tile as compact NZ from the @vf instead (a strided vf.store writes the fractal directly) and move it with the plain ub_to_l1. WHEN YOU DO: pad the staging tile by one row so that store's block stride is ODD. The natural stride is the tile's row count, which is 16-aligned by nature and so is the worst rung of the bank ladder (~8.7 cycles a store against ~1.1, D-084) — on the two kernels reworked in D-226 the padding was worth MORE than this move is (-12.3 and -10.8 us of -17.7 and -28.2), and it is worth taking blind: one UB row, and it only ever costs nothing when the store pipe is idle anyway
[perf] @kda_sub45_aqk_repaired_kernel.vec #371 kernels<path>/kernels/recurrent.py:314:16: warning: ub_to_l1.nd2nz composes multiple MTE3 bursts (one per NZ fractal column of the ND rows) — not a single instruction, and board-measured 10x slower than the compact-NZ move (D-084); store the tile as compact NZ from the @vf instead (a strided vf.store writes the fractal directly) and move it with the plain ub_to_l1. WHEN YOU DO: pad the staging tile by one row so that store's block stride is ODD. The natural stride is the tile's row count, which is 16-aligned by nature and so is the worst rung of the bank ladder (~8.7 cycles a store against ~1.1, D-084) — on the two kernels reworked in D-226 the padding was worth MORE than this move is (-12.3 and -10.8 us of -17.7 and -28.2), and it is worth taking blind: one UB row, and it only ever costs nothing when the store pipe is idle anyway
[perf] @snapshot_and_cast_state_vf #106 <ascriptor><path>/kernels/scan_fused.py:53:8: warning: strided block store with an even block stride (64): consecutive datablocks hit conflicting UB banks and the store port serialises (board-measured: ~2x an odd stride, ~8x at multiples of 16 — D-084); pad the destination row so the stride is odd (65) to restore the flat rate
[perf] @add_dv_and_cast_bf16_vf #260 <ascriptor><path>/kernels/scan_fused.py:77:8: warning: strided block store with an even block stride (32): consecutive datablocks hit conflicting UB banks and the store port serialises (board-measured: ~2x an odd stride, ~8x at multiples of 16 — D-084); pad the destination row so the stride is odd (33) to restore the flat rate
[perf] @update_dstate_vf #457 <ascriptor><path>/kernels/scan_fused.py:135:8: warning: strided block store with an even block stride (64): consecutive datablocks hit conflicting UB banks and the store port serialises (board-measured: ~2x an odd stride, ~8x at multiples of 16 — D-084); pad the destination row so the stride is odd (65) to restore the flat rate
[perf] @inverse_mm_bounded_kernel.vec #117 kernels<path>/kernels/inverse_mm.py:120:16: warning: ub_to_l1.nd2nz composes multiple MTE3 bursts (one per NZ fractal column of the ND rows) — not a single instruction, and board-measured 10x slower than the compact-NZ move (D-084); store the tile as compact NZ from the @vf instead (a strided vf.store writes the fractal directly) and move it with the plain ub_to_l1. WHEN YOU DO: pad the staging tile by one row so that store's block stride is ODD. The natural stride is the tile's row count, which is 16-aligned by nature and so is the worst rung of the bank ladder (~8.7 cycles a store against ~1.1, D-084) — on the two kernels reworked in D-226 the padding was worth MORE than this move is (-12.3 and -10.8 us of -17.7 and -28.2), and it is worth taking blind: one UB row, and it only ever costs nothing when the store pipe is idle anyway
[perf] @inverse_dakk_fused_kernel.vec #85 <ascriptor><path>/kernels/inverse_dakk_fused.py:99:16: warning: ub_to_l1.nd2nz composes multiple MTE3 bursts (one per NZ fractal column of the ND rows) — not a single instruction, and board-measured 10x slower than the compact-NZ move (D-084); store the tile as compact NZ from the @vf instead (a strided vf.store writes the fractal directly) and move it with the plain ub_to_l1. WHEN YOU DO: pad the staging tile by one row so that store's block stride is ODD. The natural stride is the tile's row count, which is 16-aligned by nature and so is the worst rung of the bank ladder (~8.7 cycles a store against ~1.1, D-084) — on the two kernels reworked in D-226 the padding was worth MORE than this move is (-12.3 and -10.8 us of -17.7 and -28.2), and it is worth taking blind: one UB row, and it only ever costs nothing when the store pipe is idle anyway
case kda.chunk_kda.rawflags_nograd  device=npu  verdict=clean  calls=62
  by_category: {'alloc': 31, 'meta_view': 25, 'readonly_check': 6}
  category                 operator                           site                                         copy  dtype→  count
  alloc                    aten.empty.memory_format           ascend_fla/ops/kda/chunk.py:156 _prepare_ker               1
  meta_view                aten.view.default                  ascend_fla/ops/kda/chunk.py:156 _prepare_ker               2
  meta_view                aten.view.default                  ascend_fla/ops/kda/chunk.py:156 _prepare_ker               1
  meta_view                aten.view.default                  ascend_fla/ops/kda/chunk.py:156 _prepare_ker               1
  alloc                    aten.empty.memory_format           ascend_fla/ops/kda/chunk.py:156 _prepare_ker               1
  alloc                    aten.empty.memory_format           ascend_fla/ops/kda/chunk.py:158 _prepare_ker               2
  meta_view                aten.view.default                  ascend_fla/ops/kda/chunk.py:158 _prepare_ker               4
  alloc                    aten.empty.memory_format           ascend_fla/ops/kda/chunk.py:158 _prepare_ker               1
  alloc                    aten.empty.memory_format           ascend_fla/ops/kda/chunk.py:160 _prepare_ker               1
  meta_view                aten.view.default                  ascend_fla/ops/kda/chunk.py:160 _prepare_ker               2
  alloc                    aten.empty.memory_format           ascend_fla/ops/kda/chunk.py:160 _prepare_ker               1
  meta_view                aten.view.default                  ascend_fla/ops/kda/chunk.py:475 _gate_span                 1
  readonly_check           aten.cumsum.default                ascend_fla/ops/kda/chunk.py:475 _gate_span   yes           1
  readonly_check           aten.amax.default                  ascend_fla/ops/kda/chunk.py:476 _gate_span   yes           1
  readonly_check           aten.amin.default                  ascend_fla/ops/kda/chunk.py:476 _gate_span   yes           1
  readonly_check           aten.sub.Tensor                    ascend_fla/ops/kda/chunk.py:476 _gate_span   yes           1
  readonly_check           aten.max.default                   ascend_fla/ops/kda/chunk.py:476 _gate_span   yes           1
  readonly_check           aten._local_scalar_dense.default   ascend_fla/ops/kda/chunk.py:476 _gate_span                 1
  meta_view                aten.view.default                  ascend_fla/ops/kda/chunk.py:417 _to_bhcld                  2
  alloc                    aten.empty.memory_format           ascend_fla/ops/kda/chunk.py:417 _to_bhcld                  2
  meta_view                aten.view.default                  ascend_fla/ops/kda/chunk.py:417 _to_bhcld                  2
  alloc                    aten.empty.memory_format           ascend_fla/ops/kda/chunk.py:417 _to_bhcld                  2
  meta_view                aten.view.default                  ascend_fla/ops/kda/chunk.py:417 _to_bhcld                  1
  alloc                    aten.empty.memory_format           ascend_fla/ops/kda/chunk.py:417 _to_bhcld                  1
  meta_view                aten.view.default                  ascend_fla/ops/kda/chunk.py:417 _to_bhcld                  1
  meta_view                aten.view.default                  ascend_fla/ops/kda/chunk.py:417 _to_bhcld                  1
  alloc                    aten.empty.memory_format           ascend_fla/ops/kda/chunk.py:417 _to_bhcld                  1
  meta_view                aten.view.default                  ascend_fla/ops/kda/chunk.py:417 _to_bhcld                  1
  meta_view                aten.view.default                  ascend_fla/ops/kda/chunk.py:412 _to_bhcld                  1
  alloc                    aten.empty.memory_format           ascend_fla/ops/kda/chunk.py:412 _to_bhcld                  1
  meta_view                aten.view.default                  ascend_fla/ops/kda/chunk.py:412 _to_bhcld                  1
  meta_view                aten.view.default                  ascend_fla/ops/kda/chunk.py:413 _to_bhcld                  1
  alloc                    aten.empty.memory_format           ascend_fla/ops/kda/chunk.py:539 empty                      2
  alloc                    aten.empty.memory_format           ascend_fla/ops/kda/chunk.py:558 _run_chain                 1
  alloc                    aten.empty.memory_format           ascend_fla/ops/kda/chunk.py:539 empty                      2
  alloc                    aten.empty.memory_format           ascend_fla/ops/kda/chunk.py:539 empty                      1
  alloc                    aten.empty.memory_format           ascend_fla/ops/kda/chunk.py:567 _run_chain                 1
  alloc                    aten.empty.memory_format           ascend_fla/ops/kda/chunk.py:576 _run_chain                 1
  alloc                    aten.empty.memory_format           ascend_fla/ops/kda/chunk.py:539 empty                      5
  alloc                    aten.empty.memory_format           ascend_fla/ops/kda/chunk.py:580 _run_chain                 1
  alloc                    aten.empty.memory_format           ascend_fla/ops/kda/chunk.py:539 empty                      1
  alloc                    aten.empty.memory_format           ascend_fla/ops/kda/chunk.py:590 _run_chain                 1
  meta_view                aten.view.default                  ascend_fla/ops/kda/chunk.py:429 _from_bhcld                1
  alloc                    aten.empty.memory_format           ascend_fla/ops/kda/chunk.py:429 _from_bhcld                1
  meta_view                aten.view.default                  ascend_fla/ops/kda/chunk.py:429 _from_bhcld                1
  meta_view                aten.view.default                  ascend_fla/ops/kda/chunk.py:432 _from_bhcld                1
wrote 1 case file(s) + summary.json to benchmarks/evidence/host_op_audit/run-a5-final
=== kda.chunk_kda.rawflags_grad: <repo>/benchmarks/host_op_audit.py --case kda.chunk_kda.rawflags_grad --device npu --roots ascend_fla/ops --output benchmarks/evidence/host_op_audit/run-a5-final --in-process
case kda.chunk_kda.rawflags_grad  device=npu  verdict=violations  calls=280
  by_category: {'alloc': 84, 'forbidden_arithmetic': 55, 'forbidden_dtype_cast': 18, 'forbidden_layout_copy': 2, 'meta_view': 115, 'readonly_check': 6}
  category                 operator                           site                                         copy  dtype→  count
  forbidden_arithmetic     aten.exp.default                   ascend_fla/ops/kda/chunk.py:100 _prepare_inp yes           1
  meta_view                aten.view.default                  ascend_fla/ops/kda/chunk.py:100 _prepare_inp               1
  forbidden_arithmetic     aten.neg.default                   ascend_fla/ops/kda/chunk.py:100 _prepare_inp yes           1
  meta_view                aten.view.default                  ascend_fla/ops/kda/chunk.py:101 _prepare_inp               1
  forbidden_arithmetic     aten.add.Tensor                    ascend_fla/ops/kda/chunk.py:101 _prepare_inp yes           1
  forbidden_arithmetic     aten.softplus.default              ascend_fla/ops/kda/chunk.py:100 _prepare_inp yes           1
  forbidden_arithmetic     aten.mul.Tensor                    ascend_fla/ops/kda/chunk.py:100 _prepare_inp yes           1
  forbidden_dtype_cast     aten._to_copy.default              ascend_fla/ops/kda/chunk.py:38 _l2norm       yes   yes     2
  forbidden_arithmetic     aten.pow.Tensor_Scalar             ascend_fla/ops/kda/chunk.py:39 _l2norm       yes           2
  forbidden_arithmetic     aten.sum.dim_IntList               ascend_fla/ops/kda/chunk.py:39 _l2norm       yes           2
  forbidden_arithmetic     aten.add.Tensor                    ascend_fla/ops/kda/chunk.py:39 _l2norm       yes           2
  forbidden_arithmetic     aten.sqrt.default                  ascend_fla/ops/kda/chunk.py:39 _l2norm       yes           2
  forbidden_arithmetic     aten.div.Tensor                    ascend_fla/ops/kda/chunk.py:39 _l2norm       yes           2
  forbidden_dtype_cast     aten._to_copy.default              ascend_fla/ops/kda/chunk.py:103 _prepare_inp yes   yes     2
  forbidden_arithmetic     aten.sigmoid.default               ascend_fla/ops/kda/chunk.py:105 _prepare_inp yes           1
  meta_view                aten.view.default                  ascend_fla/ops/kda/chunk.py:475 _gate_span                 1
  readonly_check           aten.cumsum.default                ascend_fla/ops/kda/chunk.py:475 _gate_span   yes           1
  readonly_check           aten.amax.default                  ascend_fla/ops/kda/chunk.py:476 _gate_span   yes           1
  readonly_check           aten.amin.default                  ascend_fla/ops/kda/chunk.py:476 _gate_span   yes           1
  readonly_check           aten.sub.Tensor                    ascend_fla/ops/kda/chunk.py:476 _gate_span   yes           1
  readonly_check           aten.max.default                   ascend_fla/ops/kda/chunk.py:476 _gate_span   yes           1
  readonly_check           aten._local_scalar_dense.default   ascend_fla/ops/kda/chunk.py:476 _gate_span                 1
  meta_view                aten.view.default                  ascend_fla/ops/kda/chunk.py:417 _to_bhcld                  2
  alloc                    aten.empty.memory_format           ascend_fla/ops/kda/chunk.py:417 _to_bhcld                  2
  meta_view                aten.view.default                  ascend_fla/ops/kda/chunk.py:417 _to_bhcld                  2
  alloc                    aten.empty.memory_format           ascend_fla/ops/kda/chunk.py:417 _to_bhcld                  2
  meta_view                aten.view.default                  ascend_fla/ops/kda/chunk.py:417 _to_bhcld                  1
  alloc                    aten.empty.memory_format           ascend_fla/ops/kda/chunk.py:417 _to_bhcld                  1
  meta_view                aten.view.default                  ascend_fla/ops/kda/chunk.py:417 _to_bhcld                  1
  meta_view                aten.view.default                  ascend_fla/ops/kda/chunk.py:417 _to_bhcld                  1
  alloc                    aten.empty.memory_format           ascend_fla/ops/kda/chunk.py:417 _to_bhcld                  1
  meta_view                aten.view.default                  ascend_fla/ops/kda/chunk.py:417 _to_bhcld                  1
  meta_view                aten.view.default                  ascend_fla/ops/kda/chunk.py:412 _to_bhcld                  1
  alloc                    aten.empty.memory_format           ascend_fla/ops/kda/chunk.py:412 _to_bhcld                  1
  meta_view                aten.view.default                  ascend_fla/ops/kda/chunk.py:412 _to_bhcld                  1
  meta_view                aten.view.default                  ascend_fla/ops/kda/chunk.py:413 _to_bhcld                  1
  alloc                    aten.empty.memory_format           ascend_fla/ops/kda/chunk.py:539 empty                      2
  alloc                    aten.empty.memory_format           ascend_fla/ops/kda/chunk.py:558 _run_chain                 1
  alloc                    aten.empty.memory_format           ascend_fla/ops/kda/chunk.py:539 empty                      2
  alloc                    aten.empty.memory_format           ascend_fla/ops/kda/chunk.py:539 empty                      1
  alloc                    aten.empty.memory_format           ascend_fla/ops/kda/chunk.py:567 _run_chain                 1
  alloc                    aten.empty.memory_format           ascend_fla/ops/kda/chunk.py:576 _run_chain                 1
  alloc                    aten.empty.memory_format           ascend_fla/ops/kda/chunk.py:539 empty                      5
  alloc                    aten.empty.memory_format           ascend_fla/ops/kda/chunk.py:580 _run_chain                 1
  alloc                    aten.empty.memory_format           ascend_fla/ops/kda/chunk.py:539 empty                      1
  alloc                    aten.empty.memory_format           ascend_fla/ops/kda/chunk.py:590 _run_chain                 1
  meta_view                aten.slice.Tensor                  ascend_fla/ops/kda/chunk.py:705 _scan_states               4
  meta_view                aten.select.int                    ascend_fla/ops/kda/chunk.py:705 _scan_states               2
  forbidden_dtype_cast     aten._to_copy.default              ascend_fla/ops/kda/chunk.py:705 _scan_states yes   yes     2
  meta_view                aten.slice.Tensor                  ascend_fla/ops/kda/chunk.py:706 _scan_states               4
  meta_view                aten.select.int                    ascend_fla/ops/kda/chunk.py:706 _scan_states               2
  forbidden_dtype_cast     aten._to_copy.default              ascend_fla/ops/kda/chunk.py:706 _scan_states yes   yes     2
  forbidden_arithmetic     aten.matmul.default                ascend_fla/ops/kda/chunk.py:706 _scan_states yes           2
  forbidden_arithmetic     aten.sub.Tensor                    ascend_fla/ops/kda/chunk.py:706 _scan_states yes           2
  meta_view                aten.slice.Tensor                  ascend_fla/ops/kda/chunk.py:708 _scan_states               4
  meta_view                aten.select.int                    ascend_fla/ops/kda/chunk.py:708 _scan_states               2
  meta_view                aten.select.int                    ascend_fla/ops/kda/chunk.py:708 _scan_states               2
  meta_view                aten.slice.Tensor                  ascend_fla/ops/kda/chunk.py:708 _scan_states               2
  meta_view                aten.unsqueeze.default             ascend_fla/ops/kda/chunk.py:709 _scan_states               2
  forbidden_arithmetic     aten.mul.Tensor                    ascend_fla/ops/kda/chunk.py:709 _scan_states yes           2
  meta_view                aten.slice.Tensor                  ascend_fla/ops/kda/chunk.py:709 _scan_states               4
  meta_view                aten.select.int                    ascend_fla/ops/kda/chunk.py:709 _scan_states               2
  forbidden_dtype_cast     aten._to_copy.default              ascend_fla/ops/kda/chunk.py:709 _scan_states yes   yes     2
  meta_view                aten.transpose.int                 ascend_fla/ops/kda/chunk.py:709 _scan_states               2
  forbidden_arithmetic     aten.matmul.default                ascend_fla/ops/kda/chunk.py:709 _scan_states yes           2
  forbidden_arithmetic     aten.add.Tensor                    ascend_fla/ops/kda/chunk.py:709 _scan_states yes           2
  forbidden_layout_copy    aten.stack.default                 ascend_fla/ops/kda/chunk.py:710 _scan_states yes           1
  forbidden_dtype_cast     aten._to_copy.default              ascend_fla/ops/kda/chunk.py:710 _scan_states yes   yes     1
  forbidden_layout_copy    aten.stack.default                 ascend_fla/ops/kda/chunk.py:711 _scan_states yes           1
  forbidden_dtype_cast     aten._to_copy.default              ascend_fla/ops/kda/chunk.py:711 _scan_states yes   yes     1
  meta_view                aten.view.default                  ascend_fla/ops/kda/chunk.py:429 _from_bhcld                1
  alloc                    aten.empty.memory_format           ascend_fla/ops/kda/chunk.py:429 _from_bhcld                7
  meta_view                aten.view.default                  ascend_fla/ops/kda/chunk.py:429 _from_bhcld                7
  alloc                    aten.empty.memory_format           ascend_fla/ops/kda/chunk.py:429 _from_bhcld                1
  meta_view                aten.view.default                  ascend_fla/ops/kda/chunk.py:432 _from_bhcld                7
  meta_view                aten.view.default                  ascend_fla/ops/kda/chunk.py:429 _from_bhcld                2
  alloc                    aten.empty.memory_format           ascend_fla/ops/kda/chunk.py:429 _from_bhcld                2
  meta_view                aten.view.default                  ascend_fla/ops/kda/chunk.py:429 _from_bhcld                2
  meta_view                aten.view.default                  ascend_fla/ops/kda/chunk.py:432 _from_bhcld                2
  meta_view                aten.view.default                  ascend_fla/ops/kda/chunk.py:429 _from_bhcld                6
  meta_view                aten.view.default                  ascend_fla/ops/kda/autograd.py:50 forward                  1
  alloc                    aten.empty.memory_format           ascend_fla/ops/kda/autograd.py:50 forward                  1
  meta_view                aten.view.default                  ascend_fla/ops/kda/autograd.py:50 forward                  1
  meta_view                aten.view.default                  ascend_fla/ops/kda/autograd.py:50 forward                  1
  forbidden_dtype_cast     aten._to_copy.default              <outside audited roots>:0                    yes   yes     1
  forbidden_arithmetic     aten.sum.default                   <outside audited roots>:0                    yes           1
  alloc                    aten.ones_like.default             <autograd engine: backward of host-side math               1
  meta_view                aten.expand.default                <outside audited roots>:0                                  1
  forbidden_dtype_cast     aten._to_copy.default              <outside audited roots>:0                    yes   yes     1
  alloc                    aten.zeros.default                 <outside audited roots>:0                                  1
  meta_view                aten.view.default                  ascend_fla/ops/kda/autograd.py:68 backward                 1
  alloc                    aten.empty.memory_format           ascend_fla/ops/kda/autograd.py:68 backward                 1
  meta_view                aten.view.default                  ascend_fla/ops/kda/autograd.py:68 backward                 1
  meta_view                aten.view.default                  ascend_fla/ops/kda/autograd.py:68 backward                 1
  meta_view                aten.view.default                  ascend_fla/ops/kda/chunk_bwd.py:260 chunk_kd               1
  meta_view                aten.slice.Tensor                  ascend_fla/ops/kda/chunk_bwd.py:260 chunk_kd               1
  meta_view                aten.view.default                  ascend_fla/ops/kda/chunk_bwd.py:261 chunk_kd               1
  alloc                    aten.empty.memory_format           ascend_fla/ops/kda/chunk_bwd.py:261 chunk_kd               1
  meta_view                aten.view.default                  ascend_fla/ops/kda/chunk_bwd.py:261 chunk_kd               1
  meta_view                aten.view.default                  ascend_fla/ops/kda/chunk_bwd.py:264 chunk_kd               1
  alloc                    aten.empty.memory_format           ascend_fla/ops/kda/chunk_bwd.py:250 empty                  2
  alloc                    aten.empty.memory_format           ascend_fla/ops/kda/chunk_bwd.py:250 empty                  1
  alloc                    aten.empty.memory_format           ascend_fla/ops/kda/chunk_bwd.py:250 empty                  6
  alloc                    aten.empty.memory_format           ascend_fla/ops/kda/chunk_bwd.py:250 empty                  5
  meta_view                aten.view.default                  ascend_fla/ops/kda/chunk_bwd.py:270 chunk_kd               1
  alloc                    aten.empty.memory_format           ascend_fla/ops/kda/chunk_bwd.py:267 chunk_kd               1
  alloc                    aten.empty.memory_format           ascend_fla/ops/kda/chunk_bwd.py:250 empty                  9
  alloc                    aten.empty.memory_format           ascend_fla/ops/kda/chunk_bwd.py:277 chunk_kd               1
  forbidden_arithmetic     aten.neg.default                   ascend_fla/ops/kda/chunk_bwd.py:286 chunk_kd yes           1
  alloc                    aten.empty.memory_format           ascend_fla/ops/kda/chunk_bwd.py:250 empty                  1
  alloc                    aten.empty.memory_format           ascend_fla/ops/kda/chunk_bwd.py:291 chunk_kd               1
  alloc                    aten.empty.memory_format           ascend_fla/ops/kda/chunk_bwd.py:250 empty                  4
  alloc                    aten.empty.memory_format           ascend_fla/ops/kda/chunk_bwd.py:301 chunk_kd               1
  meta_view                aten.view.default                  ascend_fla/ops/kda/chunk_bwd.py:309 chunk_kd               1
  alloc                    aten.empty.memory_format           ascend_fla/ops/kda/chunk_bwd.py:308 chunk_kd               1
  alloc                    aten.empty.memory_format           ascend_fla/ops/kda/chunk_bwd.py:317 chunk_kd               1
  meta_view                aten.view.default                  ascend_fla/ops/kda/chunk_bwd.py:327 flat                   3
  meta_view                aten.view.default                  ascend_fla/ops/kda/chunk_bwd.py:327 flat                   3
  alloc                    aten.empty.memory_format           ascend_fla/ops/kda/chunk_bwd.py:330 chunk_kd               1
  alloc                    aten.empty.memory_format           ascend_fla/ops/kda/chunk_bwd.py:250 empty                  2
  alloc                    aten.empty.memory_format           ascend_fla/ops/kda/chunk_bwd.py:250 empty                  1
  meta_view                aten.view.default                  ascend_fla/ops/kda/chunk_bwd.py:339 chunked                4
  alloc                    aten.empty.memory_format           ascend_fla/ops/kda/chunk_bwd.py:344 chunk_kd               1
  alloc                    aten.empty.memory_format           ascend_fla/ops/kda/chunk_bwd.py:250 empty                  2
  alloc                    aten.empty.memory_format           ascend_fla/ops/kda/chunk_bwd.py:355 chunk_kd               1
  meta_view                aten.view.default                  ascend_fla/ops/kda/autograd.py:82 backward                 1
  alloc                    aten.empty.memory_format           ascend_fla/ops/kda/autograd.py:82 backward                 1
  meta_view                aten.view.default                  ascend_fla/ops/kda/autograd.py:82 backward                 1
  alloc                    aten.empty.memory_format           ascend_fla/ops/kda/autograd.py:82 backward                 1
  meta_view                aten.view.default                  ascend_fla/ops/kda/autograd.py:82 backward                 1
  meta_view                aten.view.default                  ascend_fla/ops/kda/autograd.py:83 backward                 1
  alloc                    aten.empty.memory_format           ascend_fla/ops/kda/autograd.py:83 backward                 1
  meta_view                aten.view.default                  ascend_fla/ops/kda/autograd.py:83 backward                 1
  meta_view                aten.view.default                  ascend_fla/ops/kda/autograd.py:83 backward                 1
  meta_view                aten.view.default                  ascend_fla/ops/kda/autograd.py:85 backward                 1
  alloc                    aten.empty.memory_format           ascend_fla/ops/kda/autograd.py:85 backward                 1
  meta_view                aten.view.default                  ascend_fla/ops/kda/autograd.py:85 backward                 1
  meta_view                aten.view.default                  ascend_fla/ops/kda/autograd.py:85 backward                 1
  meta_view                aten.detach.default                <outside audited roots>:0                                  1
  meta_view                aten.detach.default                <outside audited roots>:0                                  2
  forbidden_arithmetic     aten.sigmoid_backward.default      <outside audited roots>:0                    yes           1
  meta_view                aten.detach.default                <outside audited roots>:0                                  1
  forbidden_dtype_cast     aten._to_copy.default              <outside audited roots>:0                    yes   yes     2
  forbidden_arithmetic     aten.div.Tensor                    <outside audited roots>:0                    yes           6
  forbidden_arithmetic     aten.neg.default                   <outside audited roots>:0                    yes           2
  forbidden_arithmetic     aten.mul.Tensor                    <outside audited roots>:0                    yes           2
  forbidden_arithmetic     aten.sum.dim_IntList               <outside audited roots>:0                    yes           2
  forbidden_arithmetic     aten.mul.Scalar                    <outside audited roots>:0                    yes           2
  forbidden_arithmetic     aten.div.Tensor                    <outside audited roots>:0                    yes           2
  meta_view                aten.expand.default                <outside audited roots>:0                                  2
  forbidden_arithmetic     aten.pow.Tensor_Scalar             <outside audited roots>:0                    yes           2
  forbidden_arithmetic     aten.mul.Scalar                    <outside audited roots>:0                    yes           2
  forbidden_arithmetic     aten.mul.Tensor                    <outside audited roots>:0                    yes           2
  forbidden_arithmetic     aten.add.Tensor                    <outside audited roots>:0                    yes           2
  forbidden_dtype_cast     aten._to_copy.default              <outside audited roots>:0                    yes   yes     2
  meta_view                aten.detach.default                <outside audited roots>:0                                  2
  forbidden_arithmetic     aten.mul.Tensor                    <outside audited roots>:0                    yes           1
  forbidden_arithmetic     aten.softplus_backward.default     <outside audited roots>:0                    yes           1
  meta_view                aten.detach.default                <outside audited roots>:0                                  1
wrote 1 case file(s) + summary.json to benchmarks/evidence/host_op_audit/run-a5-final
can not use command: npu-smi info
[perf] @kda_sub2_score_stable_kernel.vec #164 kernels<path>/kernels/intra.py:238:16: warning: ub_to_l1.nd2nz composes multiple MTE3 bursts (one per NZ fractal column of the ND rows) — not a single instruction, and board-measured 10x slower than the compact-NZ move (D-084); store the tile as compact NZ from the @vf instead (a strided vf.store writes the fractal directly) and move it with the plain ub_to_l1. WHEN YOU DO: pad the staging tile by one row so that store's block stride is ODD. The natural stride is the tile's row count, which is 16-aligned by nature and so is the worst rung of the bank ladder (~8.7 cycles a store against ~1.1, D-084) — on the two kernels reworked in D-226 the padding was worth MORE than this move is (-12.3 and -10.8 us of -17.7 and -28.2), and it is worth taking blind: one UB row, and it only ever costs nothing when the store pipe is idle anyway
[perf] @kda_sub2_score_stable_kernel.vec #170 kernels<path>/kernels/intra.py:239:16: warning: ub_to_l1.nd2nz composes multiple MTE3 bursts (one per NZ fractal column of the ND rows) — not a single instruction, and board-measured 10x slower than the compact-NZ move (D-084); store the tile as compact NZ from the @vf instead (a strided vf.store writes the fractal directly) and move it with the plain ub_to_l1. WHEN YOU DO: pad the staging tile by one row so that store's block stride is ODD. The natural stride is the tile's row count, which is 16-aligned by nature and so is the worst rung of the bank ladder (~8.7 cycles a store against ~1.1, D-084) — on the two kernels reworked in D-226 the padding was worth MORE than this move is (-12.3 and -10.8 us of -17.7 and -28.2), and it is worth taking blind: one UB row, and it only ever costs nothing when the store pipe is idle anyway
[perf] @kda_sub2_score_stable_kernel.vec #176 kernels<path>/kernels/intra.py:240:16: warning: ub_to_l1.nd2nz composes multiple MTE3 bursts (one per NZ fractal column of the ND rows) — not a single instruction, and board-measured 10x slower than the compact-NZ move (D-084); store the tile as compact NZ from the @vf instead (a strided vf.store writes the fractal directly) and move it with the plain ub_to_l1. WHEN YOU DO: pad the staging tile by one row so that store's block stride is ODD. The natural stride is the tile's row count, which is 16-aligned by nature and so is the worst rung of the bank ladder (~8.7 cycles a store against ~1.1, D-084) — on the two kernels reworked in D-226 the padding was worth MORE than this move is (-12.3 and -10.8 us of -17.7 and -28.2), and it is worth taking blind: one UB row, and it only ever costs nothing when the store pipe is idle anyway
[perf] @tril_inverse64_v2_strict_bf16_kernel.vec #101 <ascriptor><path>/kernels/triangular_inverse.py:202:16: warning: ub_to_l1.nd2nz composes multiple MTE3 bursts (one per NZ fractal column of the ND rows) — not a single instruction, and board-measured 10x slower than the compact-NZ move (D-084); store the tile as compact NZ from the @vf instead (a strided vf.store writes the fractal directly) and move it with the plain ub_to_l1. WHEN YOU DO: pad the staging tile by one row so that store's block stride is ODD. The natural stride is the tile's row count, which is 16-aligned by nature and so is the worst rung of the bank ladder (~8.7 cycles a store against ~1.1, D-084) — on the two kernels reworked in D-226 the padding was worth MORE than this move is (-12.3 and -10.8 us of -17.7 and -28.2), and it is worth taking blind: one UB row, and it only ever costs nothing when the store pipe is idle anyway
[perf] @tril_inverse64_v2_strict_bf16_kernel.vec #156 <ascriptor><path>/kernels/triangular_inverse.py:209:16: warning: ub_to_l1.nd2nz composes multiple MTE3 bursts (one per NZ fractal column of the ND rows) — not a single instruction, and board-measured 10x slower than the compact-NZ move (D-084); store the tile as compact NZ from the @vf instead (a strided vf.store writes the fractal directly) and move it with the plain ub_to_l1. WHEN YOU DO: pad the staging tile by one row so that store's block stride is ODD. The natural stride is the tile's row count, which is 16-aligned by nature and so is the worst rung of the bank ladder (~8.7 cycles a store against ~1.1, D-084) — on the two kernels reworked in D-226 the padding was worth MORE than this move is (-12.3 and -10.8 us of -17.7 and -28.2), and it is worth taking blind: one UB row, and it only ever costs nothing when the store pipe is idle anyway
[perf] @tril_inverse64_v2_strict_bf16_kernel.vec #158 <ascriptor><path>/kernels/triangular_inverse.py:210:16: warning: ub_to_l1.nd2nz composes multiple MTE3 bursts (one per NZ fractal column of the ND rows) — not a single instruction, and board-measured 10x slower than the compact-NZ move (D-084); store the tile as compact NZ from the @vf instead (a strided vf.store writes the fractal directly) and move it with the plain ub_to_l1. WHEN YOU DO: pad the staging tile by one row so that store's block stride is ODD. The natural stride is the tile's row count, which is 16-aligned by nature and so is the worst rung of the bank ladder (~8.7 cycles a store against ~1.1, D-084) — on the two kernels reworked in D-226 the padding was worth MORE than this move is (-12.3 and -10.8 us of -17.7 and -28.2), and it is worth taking blind: one UB row, and it only ever costs nothing when the store pipe is idle anyway
[perf] @tril_inverse64_v2_strict_bf16_kernel.vec #242 <ascriptor><path>/kernels/triangular_inverse.py:226:16: warning: ub_to_l1.nd2nz composes multiple MTE3 bursts (one per NZ fractal column of the ND rows) — not a single instruction, and board-measured 10x slower than the compact-NZ move (D-084); store the tile as compact NZ from the @vf instead (a strided vf.store writes the fractal directly) and move it with the plain ub_to_l1. WHEN YOU DO: pad the staging tile by one row so that store's block stride is ODD. The natural stride is the tile's row count, which is 16-aligned by nature and so is the worst rung of the bank ladder (~8.7 cycles a store against ~1.1, D-084) — on the two kernels reworked in D-226 the padding was worth MORE than this move is (-12.3 and -10.8 us of -17.7 and -28.2), and it is worth taking blind: one UB row, and it only ever costs nothing when the store pipe is idle anyway
[perf] @tril_inverse64_v2_strict_bf16_kernel.vec #244 <ascriptor><path>/kernels/triangular_inverse.py:227:16: warning: ub_to_l1.nd2nz composes multiple MTE3 bursts (one per NZ fractal column of the ND rows) — not a single instruction, and board-measured 10x slower than the compact-NZ move (D-084); store the tile as compact NZ from the @vf instead (a strided vf.store writes the fractal directly) and move it with the plain ub_to_l1. WHEN YOU DO: pad the staging tile by one row so that store's block stride is ODD. The natural stride is the tile's row count, which is 16-aligned by nature and so is the worst rung of the bank ladder (~8.7 cycles a store against ~1.1, D-084) — on the two kernels reworked in D-226 the padding was worth MORE than this move is (-12.3 and -10.8 us of -17.7 and -28.2), and it is worth taking blind: one UB row, and it only ever costs nothing when the store pipe is idle anyway
[perf] @tril_inverse64_v2_strict_bf16_kernel.vec #246 <ascriptor><path>/kernels/triangular_inverse.py:228:16: warning: ub_to_l1.nd2nz composes multiple MTE3 bursts (one per NZ fractal column of the ND rows) — not a single instruction, and board-measured 10x slower than the compact-NZ move (D-084); store the tile as compact NZ from the @vf instead (a strided vf.store writes the fractal directly) and move it with the plain ub_to_l1. WHEN YOU DO: pad the staging tile by one row so that store's block stride is ODD. The natural stride is the tile's row count, which is 16-aligned by nature and so is the worst rung of the bank ladder (~8.7 cycles a store against ~1.1, D-084) — on the two kernels reworked in D-226 the padding was worth MORE than this move is (-12.3 and -10.8 us of -17.7 and -28.2), and it is worth taking blind: one UB row, and it only ever costs nothing when the store pipe is idle anyway
[perf] @tril_inverse64_v2_strict_bf16_kernel.vec #248 <ascriptor><path>/kernels/triangular_inverse.py:229:16: warning: ub_to_l1.nd2nz composes multiple MTE3 bursts (one per NZ fractal column of the ND rows) — not a single instruction, and board-measured 10x slower than the compact-NZ move (D-084); store the tile as compact NZ from the @vf instead (a strided vf.store writes the fractal directly) and move it with the plain ub_to_l1. WHEN YOU DO: pad the staging tile by one row so that store's block stride is ODD. The natural stride is the tile's row count, which is 16-aligned by nature and so is the worst rung of the bank ladder (~8.7 cycles a store against ~1.1, D-084) — on the two kernels reworked in D-226 the padding was worth MORE than this move is (-12.3 and -10.8 us of -17.7 and -28.2), and it is worth taking blind: one UB row, and it only ever costs nothing when the store pipe is idle anyway
[perf] @tril_inverse64_v2_strict_bf16_kernel.vec #305 <ascriptor><path>/kernels/triangular_inverse.py:237:16: warning: ub_to_l1.nd2nz composes multiple MTE3 bursts (one per NZ fractal column of the ND rows) — not a single instruction, and board-measured 10x slower than the compact-NZ move (D-084); store the tile as compact NZ from the @vf instead (a strided vf.store writes the fractal directly) and move it with the plain ub_to_l1. WHEN YOU DO: pad the staging tile by one row so that store's block stride is ODD. The natural stride is the tile's row count, which is 16-aligned by nature and so is the worst rung of the bank ladder (~8.7 cycles a store against ~1.1, D-084) — on the two kernels reworked in D-226 the padding was worth MORE than this move is (-12.3 and -10.8 us of -17.7 and -28.2), and it is worth taking blind: one UB row, and it only ever costs nothing when the store pipe is idle anyway
[perf] @tril_inverse64_v2_strict_bf16_kernel.vec #307 <ascriptor><path>/kernels/triangular_inverse.py:238:16: warning: ub_to_l1.nd2nz composes multiple MTE3 bursts (one per NZ fractal column of the ND rows) — not a single instruction, and board-measured 10x slower than the compact-NZ move (D-084); store the tile as compact NZ from the @vf instead (a strided vf.store writes the fractal directly) and move it with the plain ub_to_l1. WHEN YOU DO: pad the staging tile by one row so that store's block stride is ODD. The natural stride is the tile's row count, which is 16-aligned by nature and so is the worst rung of the bank ladder (~8.7 cycles a store against ~1.1, D-084) — on the two kernels reworked in D-226 the padding was worth MORE than this move is (-12.3 and -10.8 us of -17.7 and -28.2), and it is worth taking blind: one UB row, and it only ever costs nothing when the store pipe is idle anyway
[perf] @tril_inverse64_v2_strict_bf16_kernel.vec #309 <ascriptor><path>/kernels/triangular_inverse.py:239:16: warning: ub_to_l1.nd2nz composes multiple MTE3 bursts (one per NZ fractal column of the ND rows) — not a single instruction, and board-measured 10x slower than the compact-NZ move (D-084); store the tile as compact NZ from the @vf instead (a strided vf.store writes the fractal directly) and move it with the plain ub_to_l1. WHEN YOU DO: pad the staging tile by one row so that store's block stride is ODD. The natural stride is the tile's row count, which is 16-aligned by nature and so is the worst rung of the bank ladder (~8.7 cycles a store against ~1.1, D-084) — on the two kernels reworked in D-226 the padding was worth MORE than this move is (-12.3 and -10.8 us of -17.7 and -28.2), and it is worth taking blind: one UB row, and it only ever costs nothing when the store pipe is idle anyway
[perf] @kda_sub3_wy_stable_kernel.vec #181 kernels<path>/kernels/wy.py:192:12: warning: ub_to_l1.nd2nz composes multiple MTE3 bursts (one per NZ fractal column of the ND rows) — not a single instruction, and board-measured 10x slower than the compact-NZ move (D-084); store the tile as compact NZ from the @vf instead (a strided vf.store writes the fractal directly) and move it with the plain ub_to_l1. WHEN YOU DO: pad the staging tile by one row so that store's block stride is ODD. The natural stride is the tile's row count, which is 16-aligned by nature and so is the worst rung of the bank ladder (~8.7 cycles a store against ~1.1, D-084) — on the two kernels reworked in D-226 the padding was worth MORE than this move is (-12.3 and -10.8 us of -17.7 and -28.2), and it is worth taking blind: one UB row, and it only ever costs nothing when the store pipe is idle anyway
[perf] @kda_sub3_wy_stable_kernel.vec #187 kernels<path>/kernels/wy.py:193:12: warning: ub_to_l1.nd2nz composes multiple MTE3 bursts (one per NZ fractal column of the ND rows) — not a single instruction, and board-measured 10x slower than the compact-NZ move (D-084); store the tile as compact NZ from the @vf instead (a strided vf.store writes the fractal directly) and move it with the plain ub_to_l1. WHEN YOU DO: pad the staging tile by one row so that store's block stride is ODD. The natural stride is the tile's row count, which is 16-aligned by nature and so is the worst rung of the bank ladder (~8.7 cycles a store against ~1.1, D-084) — on the two kernels reworked in D-226 the padding was worth MORE than this move is (-12.3 and -10.8 us of -17.7 and -28.2), and it is worth taking blind: one UB row, and it only ever costs nothing when the store pipe is idle anyway
[perf] @kda_sub45_aqk_repaired_kernel.vec #144 kernels<path>/kernels/recurrent.py:210:16: warning: ub_to_l1.nd2nz composes multiple MTE3 bursts (one per NZ fractal column of the ND rows) — not a single instruction, and board-measured 10x slower than the compact-NZ move (D-084); store the tile as compact NZ from the @vf instead (a strided vf.store writes the fractal directly) and move it with the plain ub_to_l1. WHEN YOU DO: pad the staging tile by one row so that store's block stride is ODD. The natural stride is the tile's row count, which is 16-aligned by nature and so is the worst rung of the bank ladder (~8.7 cycles a store against ~1.1, D-084) — on the two kernels reworked in D-226 the padding was worth MORE than this move is (-12.3 and -10.8 us of -17.7 and -28.2), and it is worth taking blind: one UB row, and it only ever costs nothing when the store pipe is idle anyway
[perf] @kda_sub45_aqk_repaired_kernel.vec #213 kernels<path>/kernels/recurrent.py:234:12: warning: ub_to_l1.nd2nz composes multiple MTE3 bursts (one per NZ fractal column of the ND rows) — not a single instruction, and board-measured 10x slower than the compact-NZ move (D-084); store the tile as compact NZ from the @vf instead (a strided vf.store writes the fractal directly) and move it with the plain ub_to_l1. WHEN YOU DO: pad the staging tile by one row so that store's block stride is ODD. The natural stride is the tile's row count, which is 16-aligned by nature and so is the worst rung of the bank ladder (~8.7 cycles a store against ~1.1, D-084) — on the two kernels reworked in D-226 the padding was worth MORE than this move is (-12.3 and -10.8 us of -17.7 and -28.2), and it is worth taking blind: one UB row, and it only ever costs nothing when the store pipe is idle anyway
[perf] @kda_sub45_aqk_repaired_kernel.vec #371 kernels<path>/kernels/recurrent.py:314:16: warning: ub_to_l1.nd2nz composes multiple MTE3 bursts (one per NZ fractal column of the ND rows) — not a single instruction, and board-measured 10x slower than the compact-NZ move (D-084); store the tile as compact NZ from the @vf instead (a strided vf.store writes the fractal directly) and move it with the plain ub_to_l1. WHEN YOU DO: pad the staging tile by one row so that store's block stride is ODD. The natural stride is the tile's row count, which is 16-aligned by nature and so is the worst rung of the bank ladder (~8.7 cycles a store against ~1.1, D-084) — on the two kernels reworked in D-226 the padding was worth MORE than this move is (-12.3 and -10.8 us of -17.7 and -28.2), and it is worth taking blind: one UB row, and it only ever costs nothing when the store pipe is idle anyway
[perf] @snapshot_and_cast_state_vf #106 <ascriptor><path>/kernels/scan_fused.py:53:8: warning: strided block store with an even block stride (64): consecutive datablocks hit conflicting UB banks and the store port serialises (board-measured: ~2x an odd stride, ~8x at multiples of 16 — D-084); pad the destination row so the stride is odd (65) to restore the flat rate
[perf] @add_dv_and_cast_bf16_vf #260 <ascriptor><path>/kernels/scan_fused.py:77:8: warning: strided block store with an even block stride (32): consecutive datablocks hit conflicting UB banks and the store port serialises (board-measured: ~2x an odd stride, ~8x at multiples of 16 — D-084); pad the destination row so the stride is odd (33) to restore the flat rate
[perf] @update_dstate_vf #457 <ascriptor><path>/kernels/scan_fused.py:135:8: warning: strided block store with an even block stride (64): consecutive datablocks hit conflicting UB banks and the store port serialises (board-measured: ~2x an odd stride, ~8x at multiples of 16 — D-084); pad the destination row so the stride is odd (65) to restore the flat rate
[perf] @inverse_mm_bounded_kernel.vec #117 kernels<path>/kernels/inverse_mm.py:120:16: warning: ub_to_l1.nd2nz composes multiple MTE3 bursts (one per NZ fractal column of the ND rows) — not a single instruction, and board-measured 10x slower than the compact-NZ move (D-084); store the tile as compact NZ from the @vf instead (a strided vf.store writes the fractal directly) and move it with the plain ub_to_l1. WHEN YOU DO: pad the staging tile by one row so that store's block stride is ODD. The natural stride is the tile's row count, which is 16-aligned by nature and so is the worst rung of the bank ladder (~8.7 cycles a store against ~1.1, D-084) — on the two kernels reworked in D-226 the padding was worth MORE than this move is (-12.3 and -10.8 us of -17.7 and -28.2), and it is worth taking blind: one UB row, and it only ever costs nothing when the store pipe is idle anyway
[perf] @inverse_dakk_fused_kernel.vec #85 <ascriptor><path>/kernels/inverse_dakk_fused.py:99:16: warning: ub_to_l1.nd2nz composes multiple MTE3 bursts (one per NZ fractal column of the ND rows) — not a single instruction, and board-measured 10x slower than the compact-NZ move (D-084); store the tile as compact NZ from the @vf instead (a strided vf.store writes the fractal directly) and move it with the plain ub_to_l1. WHEN YOU DO: pad the staging tile by one row so that store's block stride is ODD. The natural stride is the tile's row count, which is 16-aligned by nature and so is the worst rung of the bank ladder (~8.7 cycles a store against ~1.1, D-084) — on the two kernels reworked in D-226 the padding was worth MORE than this move is (-12.3 and -10.8 us of -17.7 and -28.2), and it is worth taking blind: one UB row, and it only ever costs nothing when the store pipe is idle anyway
<home><path>/autograd/__init__.py:221: UserWarning: Cannot create tensor with interal format while allow_internel_format=False, tensor will be created with base format. (Triggered internally at ..<path>/common/TensorFactories.cpp:340.)
  torch.ones_like(out, memory_format=torch.preserve_format)
=== kda.chunk_kda_fwd_with_caches.bf16: <repo>/benchmarks/host_op_audit.py --case kda.chunk_kda_fwd_with_caches.bf16 --device npu --roots ascend_fla/ops --output benchmarks/evidence/host_op_audit/run-a5-final --in-process
case kda.chunk_kda_fwd_with_caches.bf16  device=npu  verdict=violations  calls=130
  by_category: {'alloc': 33, 'forbidden_arithmetic': 10, 'forbidden_dtype_cast': 8, 'forbidden_layout_copy': 2, 'meta_view': 71, 'readonly_check': 6}
  category                 operator                           site                                         copy  dtype→  count
  meta_view                aten.view.default                  ascend_fla/ops/kda/chunk.py:475 _gate_span                 1
  readonly_check           aten.cumsum.default                ascend_fla/ops/kda/chunk.py:475 _gate_span   yes           1
  readonly_check           aten.amax.default                  ascend_fla/ops/kda/chunk.py:476 _gate_span   yes           1
  readonly_check           aten.amin.default                  ascend_fla/ops/kda/chunk.py:476 _gate_span   yes           1
  readonly_check           aten.sub.Tensor                    ascend_fla/ops/kda/chunk.py:476 _gate_span   yes           1
  readonly_check           aten.max.default                   ascend_fla/ops/kda/chunk.py:476 _gate_span   yes           1
  readonly_check           aten._local_scalar_dense.default   ascend_fla/ops/kda/chunk.py:476 _gate_span                 1
  meta_view                aten.view.default                  ascend_fla/ops/kda/chunk.py:417 _to_bhcld                  2
  alloc                    aten.empty.memory_format           ascend_fla/ops/kda/chunk.py:417 _to_bhcld                  2
  meta_view                aten.view.default                  ascend_fla/ops/kda/chunk.py:417 _to_bhcld                  2
  alloc                    aten.empty.memory_format           ascend_fla/ops/kda/chunk.py:417 _to_bhcld                  2
  meta_view                aten.view.default                  ascend_fla/ops/kda/chunk.py:417 _to_bhcld                  1
  alloc                    aten.empty.memory_format           ascend_fla/ops/kda/chunk.py:417 _to_bhcld                  1
  meta_view                aten.view.default                  ascend_fla/ops/kda/chunk.py:417 _to_bhcld                  1
  meta_view                aten.view.default                  ascend_fla/ops/kda/chunk.py:417 _to_bhcld                  1
  alloc                    aten.empty.memory_format           ascend_fla/ops/kda/chunk.py:417 _to_bhcld                  1
  meta_view                aten.view.default                  ascend_fla/ops/kda/chunk.py:417 _to_bhcld                  1
  meta_view                aten.view.default                  ascend_fla/ops/kda/chunk.py:412 _to_bhcld                  1
  alloc                    aten.empty.memory_format           ascend_fla/ops/kda/chunk.py:412 _to_bhcld                  1
  meta_view                aten.view.default                  ascend_fla/ops/kda/chunk.py:412 _to_bhcld                  1
  meta_view                aten.view.default                  ascend_fla/ops/kda/chunk.py:413 _to_bhcld                  1
  alloc                    aten.empty.memory_format           ascend_fla/ops/kda/chunk.py:539 empty                      2
  alloc                    aten.empty.memory_format           ascend_fla/ops/kda/chunk.py:558 _run_chain                 1
  alloc                    aten.empty.memory_format           ascend_fla/ops/kda/chunk.py:539 empty                      2
  alloc                    aten.empty.memory_format           ascend_fla/ops/kda/chunk.py:539 empty                      1
  alloc                    aten.empty.memory_format           ascend_fla/ops/kda/chunk.py:567 _run_chain                 1
  alloc                    aten.empty.memory_format           ascend_fla/ops/kda/chunk.py:576 _run_chain                 1
  alloc                    aten.empty.memory_format           ascend_fla/ops/kda/chunk.py:539 empty                      5
  alloc                    aten.empty.memory_format           ascend_fla/ops/kda/chunk.py:580 _run_chain                 1
  alloc                    aten.empty.memory_format           ascend_fla/ops/kda/chunk.py:539 empty                      1
  alloc                    aten.empty.memory_format           ascend_fla/ops/kda/chunk.py:590 _run_chain                 1
  meta_view                aten.slice.Tensor                  ascend_fla/ops/kda/chunk.py:705 _scan_states               4
  meta_view                aten.select.int                    ascend_fla/ops/kda/chunk.py:705 _scan_states               2
  forbidden_dtype_cast     aten._to_copy.default              ascend_fla/ops/kda/chunk.py:705 _scan_states yes   yes     2
  meta_view                aten.slice.Tensor                  ascend_fla/ops/kda/chunk.py:706 _scan_states               4
  meta_view                aten.select.int                    ascend_fla/ops/kda/chunk.py:706 _scan_states               2
  forbidden_dtype_cast     aten._to_copy.default              ascend_fla/ops/kda/chunk.py:706 _scan_states yes   yes     2
  forbidden_arithmetic     aten.matmul.default                ascend_fla/ops/kda/chunk.py:706 _scan_states yes           2
  forbidden_arithmetic     aten.sub.Tensor                    ascend_fla/ops/kda/chunk.py:706 _scan_states yes           2
  meta_view                aten.slice.Tensor                  ascend_fla/ops/kda/chunk.py:708 _scan_states               4
  meta_view                aten.select.int                    ascend_fla/ops/kda/chunk.py:708 _scan_states               2
  meta_view                aten.select.int                    ascend_fla/ops/kda/chunk.py:708 _scan_states               2
  meta_view                aten.slice.Tensor                  ascend_fla/ops/kda/chunk.py:708 _scan_states               2
  meta_view                aten.unsqueeze.default             ascend_fla/ops/kda/chunk.py:709 _scan_states               2
  forbidden_arithmetic     aten.mul.Tensor                    ascend_fla/ops/kda/chunk.py:709 _scan_states yes           2
  meta_view                aten.slice.Tensor                  ascend_fla/ops/kda/chunk.py:709 _scan_states               4
  meta_view                aten.select.int                    ascend_fla/ops/kda/chunk.py:709 _scan_states               2
  forbidden_dtype_cast     aten._to_copy.default              ascend_fla/ops/kda/chunk.py:709 _scan_states yes   yes     2
  meta_view                aten.transpose.int                 ascend_fla/ops/kda/chunk.py:709 _scan_states               2
  forbidden_arithmetic     aten.matmul.default                ascend_fla/ops/kda/chunk.py:709 _scan_states yes           2
  forbidden_arithmetic     aten.add.Tensor                    ascend_fla/ops/kda/chunk.py:709 _scan_states yes           2
  forbidden_layout_copy    aten.stack.default                 ascend_fla/ops/kda/chunk.py:710 _scan_states yes           1
  forbidden_dtype_cast     aten._to_copy.default              ascend_fla/ops/kda/chunk.py:710 _scan_states yes   yes     1
  forbidden_layout_copy    aten.stack.default                 ascend_fla/ops/kda/chunk.py:711 _scan_states yes           1
  forbidden_dtype_cast     aten._to_copy.default              ascend_fla/ops/kda/chunk.py:711 _scan_states yes   yes     1
  meta_view                aten.view.default                  ascend_fla/ops/kda/chunk.py:429 _from_bhcld                1
  alloc                    aten.empty.memory_format           ascend_fla/ops/kda/chunk.py:429 _from_bhcld                7
  meta_view                aten.view.default                  ascend_fla/ops/kda/chunk.py:429 _from_bhcld                7
  alloc                    aten.empty.memory_format           ascend_fla/ops/kda/chunk.py:429 _from_bhcld                1
  meta_view                aten.view.default                  ascend_fla/ops/kda/chunk.py:432 _from_bhcld                7
  meta_view                aten.view.default                  ascend_fla/ops/kda/chunk.py:429 _from_bhcld                2
  alloc                    aten.empty.memory_format           ascend_fla/ops/kda/chunk.py:429 _from_bhcld                2
  meta_view                aten.view.default                  ascend_fla/ops/kda/chunk.py:429 _from_bhcld                2
  meta_view                aten.view.default                  ascend_fla/ops/kda/chunk.py:432 _from_bhcld                2
  meta_view                aten.view.default                  ascend_fla/ops/kda/chunk.py:429 _from_bhcld                6
wrote 1 case file(s) + summary.json to benchmarks/evidence/host_op_audit/run-a5-final
can not use command: npu-smi info
[perf] @kda_sub2_score_stable_kernel.vec #164 kernels<path>/kernels/intra.py:238:16: warning: ub_to_l1.nd2nz composes multiple MTE3 bursts (one per NZ fractal column of the ND rows) — not a single instruction, and board-measured 10x slower than the compact-NZ move (D-084); store the tile as compact NZ from the @vf instead (a strided vf.store writes the fractal directly) and move it with the plain ub_to_l1. WHEN YOU DO: pad the staging tile by one row so that store's block stride is ODD. The natural stride is the tile's row count, which is 16-aligned by nature and so is the worst rung of the bank ladder (~8.7 cycles a store against ~1.1, D-084) — on the two kernels reworked in D-226 the padding was worth MORE than this move is (-12.3 and -10.8 us of -17.7 and -28.2), and it is worth taking blind: one UB row, and it only ever costs nothing when the store pipe is idle anyway
[perf] @kda_sub2_score_stable_kernel.vec #170 kernels<path>/kernels/intra.py:239:16: warning: ub_to_l1.nd2nz composes multiple MTE3 bursts (one per NZ fractal column of the ND rows) — not a single instruction, and board-measured 10x slower than the compact-NZ move (D-084); store the tile as compact NZ from the @vf instead (a strided vf.store writes the fractal directly) and move it with the plain ub_to_l1. WHEN YOU DO: pad the staging tile by one row so that store's block stride is ODD. The natural stride is the tile's row count, which is 16-aligned by nature and so is the worst rung of the bank ladder (~8.7 cycles a store against ~1.1, D-084) — on the two kernels reworked in D-226 the padding was worth MORE than this move is (-12.3 and -10.8 us of -17.7 and -28.2), and it is worth taking blind: one UB row, and it only ever costs nothing when the store pipe is idle anyway
[perf] @kda_sub2_score_stable_kernel.vec #176 kernels<path>/kernels/intra.py:240:16: warning: ub_to_l1.nd2nz composes multiple MTE3 bursts (one per NZ fractal column of the ND rows) — not a single instruction, and board-measured 10x slower than the compact-NZ move (D-084); store the tile as compact NZ from the @vf instead (a strided vf.store writes the fractal directly) and move it with the plain ub_to_l1. WHEN YOU DO: pad the staging tile by one row so that store's block stride is ODD. The natural stride is the tile's row count, which is 16-aligned by nature and so is the worst rung of the bank ladder (~8.7 cycles a store against ~1.1, D-084) — on the two kernels reworked in D-226 the padding was worth MORE than this move is (-12.3 and -10.8 us of -17.7 and -28.2), and it is worth taking blind: one UB row, and it only ever costs nothing when the store pipe is idle anyway
[perf] @tril_inverse64_v2_strict_bf16_kernel.vec #101 <ascriptor><path>/kernels/triangular_inverse.py:202:16: warning: ub_to_l1.nd2nz composes multiple MTE3 bursts (one per NZ fractal column of the ND rows) — not a single instruction, and board-measured 10x slower than the compact-NZ move (D-084); store the tile as compact NZ from the @vf instead (a strided vf.store writes the fractal directly) and move it with the plain ub_to_l1. WHEN YOU DO: pad the staging tile by one row so that store's block stride is ODD. The natural stride is the tile's row count, which is 16-aligned by nature and so is the worst rung of the bank ladder (~8.7 cycles a store against ~1.1, D-084) — on the two kernels reworked in D-226 the padding was worth MORE than this move is (-12.3 and -10.8 us of -17.7 and -28.2), and it is worth taking blind: one UB row, and it only ever costs nothing when the store pipe is idle anyway
[perf] @tril_inverse64_v2_strict_bf16_kernel.vec #156 <ascriptor><path>/kernels/triangular_inverse.py:209:16: warning: ub_to_l1.nd2nz composes multiple MTE3 bursts (one per NZ fractal column of the ND rows) — not a single instruction, and board-measured 10x slower than the compact-NZ move (D-084); store the tile as compact NZ from the @vf instead (a strided vf.store writes the fractal directly) and move it with the plain ub_to_l1. WHEN YOU DO: pad the staging tile by one row so that store's block stride is ODD. The natural stride is the tile's row count, which is 16-aligned by nature and so is the worst rung of the bank ladder (~8.7 cycles a store against ~1.1, D-084) — on the two kernels reworked in D-226 the padding was worth MORE than this move is (-12.3 and -10.8 us of -17.7 and -28.2), and it is worth taking blind: one UB row, and it only ever costs nothing when the store pipe is idle anyway
[perf] @tril_inverse64_v2_strict_bf16_kernel.vec #158 <ascriptor><path>/kernels/triangular_inverse.py:210:16: warning: ub_to_l1.nd2nz composes multiple MTE3 bursts (one per NZ fractal column of the ND rows) — not a single instruction, and board-measured 10x slower than the compact-NZ move (D-084); store the tile as compact NZ from the @vf instead (a strided vf.store writes the fractal directly) and move it with the plain ub_to_l1. WHEN YOU DO: pad the staging tile by one row so that store's block stride is ODD. The natural stride is the tile's row count, which is 16-aligned by nature and so is the worst rung of the bank ladder (~8.7 cycles a store against ~1.1, D-084) — on the two kernels reworked in D-226 the padding was worth MORE than this move is (-12.3 and -10.8 us of -17.7 and -28.2), and it is worth taking blind: one UB row, and it only ever costs nothing when the store pipe is idle anyway
[perf] @tril_inverse64_v2_strict_bf16_kernel.vec #242 <ascriptor><path>/kernels/triangular_inverse.py:226:16: warning: ub_to_l1.nd2nz composes multiple MTE3 bursts (one per NZ fractal column of the ND rows) — not a single instruction, and board-measured 10x slower than the compact-NZ move (D-084); store the tile as compact NZ from the @vf instead (a strided vf.store writes the fractal directly) and move it with the plain ub_to_l1. WHEN YOU DO: pad the staging tile by one row so that store's block stride is ODD. The natural stride is the tile's row count, which is 16-aligned by nature and so is the worst rung of the bank ladder (~8.7 cycles a store against ~1.1, D-084) — on the two kernels reworked in D-226 the padding was worth MORE than this move is (-12.3 and -10.8 us of -17.7 and -28.2), and it is worth taking blind: one UB row, and it only ever costs nothing when the store pipe is idle anyway
[perf] @tril_inverse64_v2_strict_bf16_kernel.vec #244 <ascriptor><path>/kernels/triangular_inverse.py:227:16: warning: ub_to_l1.nd2nz composes multiple MTE3 bursts (one per NZ fractal column of the ND rows) — not a single instruction, and board-measured 10x slower than the compact-NZ move (D-084); store the tile as compact NZ from the @vf instead (a strided vf.store writes the fractal directly) and move it with the plain ub_to_l1. WHEN YOU DO: pad the staging tile by one row so that store's block stride is ODD. The natural stride is the tile's row count, which is 16-aligned by nature and so is the worst rung of the bank ladder (~8.7 cycles a store against ~1.1, D-084) — on the two kernels reworked in D-226 the padding was worth MORE than this move is (-12.3 and -10.8 us of -17.7 and -28.2), and it is worth taking blind: one UB row, and it only ever costs nothing when the store pipe is idle anyway
[perf] @tril_inverse64_v2_strict_bf16_kernel.vec #246 <ascriptor><path>/kernels/triangular_inverse.py:228:16: warning: ub_to_l1.nd2nz composes multiple MTE3 bursts (one per NZ fractal column of the ND rows) — not a single instruction, and board-measured 10x slower than the compact-NZ move (D-084); store the tile as compact NZ from the @vf instead (a strided vf.store writes the fractal directly) and move it with the plain ub_to_l1. WHEN YOU DO: pad the staging tile by one row so that store's block stride is ODD. The natural stride is the tile's row count, which is 16-aligned by nature and so is the worst rung of the bank ladder (~8.7 cycles a store against ~1.1, D-084) — on the two kernels reworked in D-226 the padding was worth MORE than this move is (-12.3 and -10.8 us of -17.7 and -28.2), and it is worth taking blind: one UB row, and it only ever costs nothing when the store pipe is idle anyway
[perf] @tril_inverse64_v2_strict_bf16_kernel.vec #248 <ascriptor><path>/kernels/triangular_inverse.py:229:16: warning: ub_to_l1.nd2nz composes multiple MTE3 bursts (one per NZ fractal column of the ND rows) — not a single instruction, and board-measured 10x slower than the compact-NZ move (D-084); store the tile as compact NZ from the @vf instead (a strided vf.store writes the fractal directly) and move it with the plain ub_to_l1. WHEN YOU DO: pad the staging tile by one row so that store's block stride is ODD. The natural stride is the tile's row count, which is 16-aligned by nature and so is the worst rung of the bank ladder (~8.7 cycles a store against ~1.1, D-084) — on the two kernels reworked in D-226 the padding was worth MORE than this move is (-12.3 and -10.8 us of -17.7 and -28.2), and it is worth taking blind: one UB row, and it only ever costs nothing when the store pipe is idle anyway
[perf] @tril_inverse64_v2_strict_bf16_kernel.vec #305 <ascriptor><path>/kernels/triangular_inverse.py:237:16: warning: ub_to_l1.nd2nz composes multiple MTE3 bursts (one per NZ fractal column of the ND rows) — not a single instruction, and board-measured 10x slower than the compact-NZ move (D-084); store the tile as compact NZ from the @vf instead (a strided vf.store writes the fractal directly) and move it with the plain ub_to_l1. WHEN YOU DO: pad the staging tile by one row so that store's block stride is ODD. The natural stride is the tile's row count, which is 16-aligned by nature and so is the worst rung of the bank ladder (~8.7 cycles a store against ~1.1, D-084) — on the two kernels reworked in D-226 the padding was worth MORE than this move is (-12.3 and -10.8 us of -17.7 and -28.2), and it is worth taking blind: one UB row, and it only ever costs nothing when the store pipe is idle anyway
[perf] @tril_inverse64_v2_strict_bf16_kernel.vec #307 <ascriptor><path>/kernels/triangular_inverse.py:238:16: warning: ub_to_l1.nd2nz composes multiple MTE3 bursts (one per NZ fractal column of the ND rows) — not a single instruction, and board-measured 10x slower than the compact-NZ move (D-084); store the tile as compact NZ from the @vf instead (a strided vf.store writes the fractal directly) and move it with the plain ub_to_l1. WHEN YOU DO: pad the staging tile by one row so that store's block stride is ODD. The natural stride is the tile's row count, which is 16-aligned by nature and so is the worst rung of the bank ladder (~8.7 cycles a store against ~1.1, D-084) — on the two kernels reworked in D-226 the padding was worth MORE than this move is (-12.3 and -10.8 us of -17.7 and -28.2), and it is worth taking blind: one UB row, and it only ever costs nothing when the store pipe is idle anyway
[perf] @tril_inverse64_v2_strict_bf16_kernel.vec #309 <ascriptor><path>/kernels/triangular_inverse.py:239:16: warning: ub_to_l1.nd2nz composes multiple MTE3 bursts (one per NZ fractal column of the ND rows) — not a single instruction, and board-measured 10x slower than the compact-NZ move (D-084); store the tile as compact NZ from the @vf instead (a strided vf.store writes the fractal directly) and move it with the plain ub_to_l1. WHEN YOU DO: pad the staging tile by one row so that store's block stride is ODD. The natural stride is the tile's row count, which is 16-aligned by nature and so is the worst rung of the bank ladder (~8.7 cycles a store against ~1.1, D-084) — on the two kernels reworked in D-226 the padding was worth MORE than this move is (-12.3 and -10.8 us of -17.7 and -28.2), and it is worth taking blind: one UB row, and it only ever costs nothing when the store pipe is idle anyway
[perf] @kda_sub3_wy_stable_kernel.vec #181 kernels<path>/kernels/wy.py:192:12: warning: ub_to_l1.nd2nz composes multiple MTE3 bursts (one per NZ fractal column of the ND rows) — not a single instruction, and board-measured 10x slower than the compact-NZ move (D-084); store the tile as compact NZ from the @vf instead (a strided vf.store writes the fractal directly) and move it with the plain ub_to_l1. WHEN YOU DO: pad the staging tile by one row so that store's block stride is ODD. The natural stride is the tile's row count, which is 16-aligned by nature and so is the worst rung of the bank ladder (~8.7 cycles a store against ~1.1, D-084) — on the two kernels reworked in D-226 the padding was worth MORE than this move is (-12.3 and -10.8 us of -17.7 and -28.2), and it is worth taking blind: one UB row, and it only ever costs nothing when the store pipe is idle anyway
[perf] @kda_sub3_wy_stable_kernel.vec #187 kernels<path>/kernels/wy.py:193:12: warning: ub_to_l1.nd2nz composes multiple MTE3 bursts (one per NZ fractal column of the ND rows) — not a single instruction, and board-measured 10x slower than the compact-NZ move (D-084); store the tile as compact NZ from the @vf instead (a strided vf.store writes the fractal directly) and move it with the plain ub_to_l1. WHEN YOU DO: pad the staging tile by one row so that store's block stride is ODD. The natural stride is the tile's row count, which is 16-aligned by nature and so is the worst rung of the bank ladder (~8.7 cycles a store against ~1.1, D-084) — on the two kernels reworked in D-226 the padding was worth MORE than this move is (-12.3 and -10.8 us of -17.7 and -28.2), and it is worth taking blind: one UB row, and it only ever costs nothing when the store pipe is idle anyway
[perf] @kda_sub45_aqk_repaired_kernel.vec #144 kernels<path>/kernels/recurrent.py:210:16: warning: ub_to_l1.nd2nz composes multiple MTE3 bursts (one per NZ fractal column of the ND rows) — not a single instruction, and board-measured 10x slower than the compact-NZ move (D-084); store the tile as compact NZ from the @vf instead (a strided vf.store writes the fractal directly) and move it with the plain ub_to_l1. WHEN YOU DO: pad the staging tile by one row so that store's block stride is ODD. The natural stride is the tile's row count, which is 16-aligned by nature and so is the worst rung of the bank ladder (~8.7 cycles a store against ~1.1, D-084) — on the two kernels reworked in D-226 the padding was worth MORE than this move is (-12.3 and -10.8 us of -17.7 and -28.2), and it is worth taking blind: one UB row, and it only ever costs nothing when the store pipe is idle anyway
[perf] @kda_sub45_aqk_repaired_kernel.vec #213 kernels<path>/kernels/recurrent.py:234:12: warning: ub_to_l1.nd2nz composes multiple MTE3 bursts (one per NZ fractal column of the ND rows) — not a single instruction, and board-measured 10x slower than the compact-NZ move (D-084); store the tile as compact NZ from the @vf instead (a strided vf.store writes the fractal directly) and move it with the plain ub_to_l1. WHEN YOU DO: pad the staging tile by one row so that store's block stride is ODD. The natural stride is the tile's row count, which is 16-aligned by nature and so is the worst rung of the bank ladder (~8.7 cycles a store against ~1.1, D-084) — on the two kernels reworked in D-226 the padding was worth MORE than this move is (-12.3 and -10.8 us of -17.7 and -28.2), and it is worth taking blind: one UB row, and it only ever costs nothing when the store pipe is idle anyway
[perf] @kda_sub45_aqk_repaired_kernel.vec #371 kernels<path>/kernels/recurrent.py:314:16: warning: ub_to_l1.nd2nz composes multiple MTE3 bursts (one per NZ fractal column of the ND rows) — not a single instruction, and board-measured 10x slower than the compact-NZ move (D-084); store the tile as compact NZ from the @vf instead (a strided vf.store writes the fractal directly) and move it with the plain ub_to_l1. WHEN YOU DO: pad the staging tile by one row so that store's block stride is ODD. The natural stride is the tile's row count, which is 16-aligned by nature and so is the worst rung of the bank ladder (~8.7 cycles a store against ~1.1, D-084) — on the two kernels reworked in D-226 the padding was worth MORE than this move is (-12.3 and -10.8 us of -17.7 and -28.2), and it is worth taking blind: one UB row, and it only ever costs nothing when the store pipe is idle anyway
[perf] @snapshot_and_cast_state_vf #106 <ascriptor><path>/kernels/scan_fused.py:53:8: warning: strided block store with an even block stride (64): consecutive datablocks hit conflicting UB banks and the store port serialises (board-measured: ~2x an odd stride, ~8x at multiples of 16 — D-084); pad the destination row so the stride is odd (65) to restore the flat rate
[perf] @add_dv_and_cast_bf16_vf #260 <ascriptor><path>/kernels/scan_fused.py:77:8: warning: strided block store with an even block stride (32): consecutive datablocks hit conflicting UB banks and the store port serialises (board-measured: ~2x an odd stride, ~8x at multiples of 16 — D-084); pad the destination row so the stride is odd (33) to restore the flat rate
[perf] @update_dstate_vf #457 <ascriptor><path>/kernels/scan_fused.py:135:8: warning: strided block store with an even block stride (64): consecutive datablocks hit conflicting UB banks and the store port serialises (board-measured: ~2x an odd stride, ~8x at multiples of 16 — D-084); pad the destination row so the stride is odd (65) to restore the flat rate
[perf] @inverse_mm_bounded_kernel.vec #117 kernels<path>/kernels/inverse_mm.py:120:16: warning: ub_to_l1.nd2nz composes multiple MTE3 bursts (one per NZ fractal column of the ND rows) — not a single instruction, and board-measured 10x slower than the compact-NZ move (D-084); store the tile as compact NZ from the @vf instead (a strided vf.store writes the fractal directly) and move it with the plain ub_to_l1. WHEN YOU DO: pad the staging tile by one row so that store's block stride is ODD. The natural stride is the tile's row count, which is 16-aligned by nature and so is the worst rung of the bank ladder (~8.7 cycles a store against ~1.1, D-084) — on the two kernels reworked in D-226 the padding was worth MORE than this move is (-12.3 and -10.8 us of -17.7 and -28.2), and it is worth taking blind: one UB row, and it only ever costs nothing when the store pipe is idle anyway
[perf] @inverse_dakk_fused_kernel.vec #85 <ascriptor><path>/kernels/inverse_dakk_fused.py:99:16: warning: ub_to_l1.nd2nz composes multiple MTE3 bursts (one per NZ fractal column of the ND rows) — not a single instruction, and board-measured 10x slower than the compact-NZ move (D-084); store the tile as compact NZ from the @vf instead (a strided vf.store writes the fractal directly) and move it with the plain ub_to_l1. WHEN YOU DO: pad the staging tile by one row so that store's block stride is ODD. The natural stride is the tile's row count, which is 16-aligned by nature and so is the worst rung of the bank ladder (~8.7 cycles a store against ~1.1, D-084) — on the two kernels reworked in D-226 the padding was worth MORE than this move is (-12.3 and -10.8 us of -17.7 and -28.2), and it is worth taking blind: one UB row, and it only ever costs nothing when the store pipe is idle anyway
=== kda.chunk_kda_fwd_with_caches.upstream_impl: <repo>/benchmarks/host_op_audit.py --case kda.chunk_kda_fwd_with_caches.upstream_impl --device npu --roots ascend_fla/ops --output benchmarks/evidence/host_op_audit/run-a5-final --in-process
can not use command: npu-smi info
[perf] @kda_sub2_score_stable_kernel.vec #164 kernels<path>/kernels/intra.py:238:16: warning: ub_to_l1.nd2nz composes multiple MTE3 bursts (one per NZ fractal column of the ND rows) — not a single instruction, and board-measured 10x slower than the compact-NZ move (D-084); store the tile as compact NZ from the @vf instead (a strided vf.store writes the fractal directly) and move it with the plain ub_to_l1. WHEN YOU DO: pad the staging tile by one row so that store's block stride is ODD. The natural stride is the tile's row count, which is 16-aligned by nature and so is the worst rung of the bank ladder (~8.7 cycles a store against ~1.1, D-084) — on the two kernels reworked in D-226 the padding was worth MORE than this move is (-12.3 and -10.8 us of -17.7 and -28.2), and it is worth taking blind: one UB row, and it only ever costs nothing when the store pipe is idle anyway
[perf] @kda_sub2_score_stable_kernel.vec #170 kernels<path>/kernels/intra.py:239:16: warning: ub_to_l1.nd2nz composes multiple MTE3 bursts (one per NZ fractal column of the ND rows) — not a single instruction, and board-measured 10x slower than the compact-NZ move (D-084); store the tile as compact NZ from the @vf instead (a strided vf.store writes the fractal directly) and move it with the plain ub_to_l1. WHEN YOU DO: pad the staging tile by one row so that store's block stride is ODD. The natural stride is the tile's row count, which is 16-aligned by nature and so is the worst rung of the bank ladder (~8.7 cycles a store against ~1.1, D-084) — on the two kernels reworked in D-226 the padding was worth MORE than this move is (-12.3 and -10.8 us of -17.7 and -28.2), and it is worth taking blind: one UB row, and it only ever costs nothing when the store pipe is idle anyway
[perf] @kda_sub2_score_stable_kernel.vec #176 kernels<path>/kernels/intra.py:240:16: warning: ub_to_l1.nd2nz composes multiple MTE3 bursts (one per NZ fractal column of the ND rows) — not a single instruction, and board-measured 10x slower than the compact-NZ move (D-084); store the tile as compact NZ from the @vf instead (a strided vf.store writes the fractal directly) and move it with the plain ub_to_l1. WHEN YOU DO: pad the staging tile by one row so that store's block stride is ODD. The natural stride is the tile's row count, which is 16-aligned by nature and so is the worst rung of the bank ladder (~8.7 cycles a store against ~1.1, D-084) — on the two kernels reworked in D-226 the padding was worth MORE than this move is (-12.3 and -10.8 us of -17.7 and -28.2), and it is worth taking blind: one UB row, and it only ever costs nothing when the store pipe is idle anyway
[perf] @tril_inverse64_v2_strict_bf16_kernel.vec #101 <ascriptor><path>/kernels/triangular_inverse.py:202:16: warning: ub_to_l1.nd2nz composes multiple MTE3 bursts (one per NZ fractal column of the ND rows) — not a single instruction, and board-measured 10x slower than the compact-NZ move (D-084); store the tile as compact NZ from the @vf instead (a strided vf.store writes the fractal directly) and move it with the plain ub_to_l1. WHEN YOU DO: pad the staging tile by one row so that store's block stride is ODD. The natural stride is the tile's row count, which is 16-aligned by nature and so is the worst rung of the bank ladder (~8.7 cycles a store against ~1.1, D-084) — on the two kernels reworked in D-226 the padding was worth MORE than this move is (-12.3 and -10.8 us of -17.7 and -28.2), and it is worth taking blind: one UB row, and it only ever costs nothing when the store pipe is idle anyway
[perf] @tril_inverse64_v2_strict_bf16_kernel.vec #156 <ascriptor><path>/kernels/triangular_inverse.py:209:16: warning: ub_to_l1.nd2nz composes multiple MTE3 bursts (one per NZ fractal column of the ND rows) — not a single instruction, and board-measured 10x slower than the compact-NZ move (D-084); store the tile as compact NZ from the @vf instead (a strided vf.store writes the fractal directly) and move it with the plain ub_to_l1. WHEN YOU DO: pad the staging tile by one row so that store's block stride is ODD. The natural stride is the tile's row count, which is 16-aligned by nature and so is the worst rung of the bank ladder (~8.7 cycles a store against ~1.1, D-084) — on the two kernels reworked in D-226 the padding was worth MORE than this move is (-12.3 and -10.8 us of -17.7 and -28.2), and it is worth taking blind: one UB row, and it only ever costs nothing when the store pipe is idle anyway
[perf] @tril_inverse64_v2_strict_bf16_kernel.vec #158 <ascriptor><path>/kernels/triangular_inverse.py:210:16: warning: ub_to_l1.nd2nz composes multiple MTE3 bursts (one per NZ fractal column of the ND rows) — not a single instruction, and board-measured 10x slower than the compact-NZ move (D-084); store the tile as compact NZ from the @vf instead (a strided vf.store writes the fractal directly) and move it with the plain ub_to_l1. WHEN YOU DO: pad the staging tile by one row so that store's block stride is ODD. The natural stride is the tile's row count, which is 16-aligned by nature and so is the worst rung of the bank ladder (~8.7 cycles a store against ~1.1, D-084) — on the two kernels reworked in D-226 the padding was worth MORE than this move is (-12.3 and -10.8 us of -17.7 and -28.2), and it is worth taking blind: one UB row, and it only ever costs nothing when the store pipe is idle anyway
[perf] @tril_inverse64_v2_strict_bf16_kernel.vec #242 <ascriptor><path>/kernels/triangular_inverse.py:226:16: warning: ub_to_l1.nd2nz composes multiple MTE3 bursts (one per NZ fractal column of the ND rows) — not a single instruction, and board-measured 10x slower than the compact-NZ move (D-084); store the tile as compact NZ from the @vf instead (a strided vf.store writes the fractal directly) and move it with the plain ub_to_l1. WHEN YOU DO: pad the staging tile by one row so that store's block stride is ODD. The natural stride is the tile's row count, which is 16-aligned by nature and so is the worst rung of the bank ladder (~8.7 cycles a store against ~1.1, D-084) — on the two kernels reworked in D-226 the padding was worth MORE than this move is (-12.3 and -10.8 us of -17.7 and -28.2), and it is worth taking blind: one UB row, and it only ever costs nothing when the store pipe is idle anyway
[perf] @tril_inverse64_v2_strict_bf16_kernel.vec #244 <ascriptor><path>/kernels/triangular_inverse.py:227:16: warning: ub_to_l1.nd2nz composes multiple MTE3 bursts (one per NZ fractal column of the ND rows) — not a single instruction, and board-measured 10x slower than the compact-NZ move (D-084); store the tile as compact NZ from the @vf instead (a strided vf.store writes the fractal directly) and move it with the plain ub_to_l1. WHEN YOU DO: pad the staging tile by one row so that store's block stride is ODD. The natural stride is the tile's row count, which is 16-aligned by nature and so is the worst rung of the bank ladder (~8.7 cycles a store against ~1.1, D-084) — on the two kernels reworked in D-226 the padding was worth MORE than this move is (-12.3 and -10.8 us of -17.7 and -28.2), and it is worth taking blind: one UB row, and it only ever costs nothing when the store pipe is idle anyway
[perf] @tril_inverse64_v2_strict_bf16_kernel.vec #246 <ascriptor><path>/kernels/triangular_inverse.py:228:16: warning: ub_to_l1.nd2nz composes multiple MTE3 bursts (one per NZ fractal column of the ND rows) — not a single instruction, and board-measured 10x slower than the compact-NZ move (D-084); store the tile as compact NZ from the @vf instead (a strided vf.store writes the fractal directly) and move it with the plain ub_to_l1. WHEN YOU DO: pad the staging tile by one row so that store's block stride is ODD. The natural stride is the tile's row count, which is 16-aligned by nature and so is the worst rung of the bank ladder (~8.7 cycles a store against ~1.1, D-084) — on the two kernels reworked in D-226 the padding was worth MORE than this move is (-12.3 and -10.8 us of -17.7 and -28.2), and it is worth taking blind: one UB row, and it only ever costs nothing when the store pipe is idle anyway
[perf] @tril_inverse64_v2_strict_bf16_kernel.vec #248 <ascriptor><path>/kernels/triangular_inverse.py:229:16: warning: ub_to_l1.nd2nz composes multiple MTE3 bursts (one per NZ fractal column of the ND rows) — not a single instruction, and board-measured 10x slower than the compact-NZ move (D-084); store the tile as compact NZ from the @vf instead (a strided vf.store writes the fractal directly) and move it with the plain ub_to_l1. WHEN YOU DO: pad the staging tile by one row so that store's block stride is ODD. The natural stride is the tile's row count, which is 16-aligned by nature and so is the worst rung of the bank ladder (~8.7 cycles a store against ~1.1, D-084) — on the two kernels reworked in D-226 the padding was worth MORE than this move is (-12.3 and -10.8 us of -17.7 and -28.2), and it is worth taking blind: one UB row, and it only ever costs nothing when the store pipe is idle anyway
[perf] @tril_inverse64_v2_strict_bf16_kernel.vec #305 <ascriptor><path>/kernels/triangular_inverse.py:237:16: warning: ub_to_l1.nd2nz composes multiple MTE3 bursts (one per NZ fractal column of the ND rows) — not a single instruction, and board-measured 10x slower than the compact-NZ move (D-084); store the tile as compact NZ from the @vf instead (a strided vf.store writes the fractal directly) and move it with the plain ub_to_l1. WHEN YOU DO: pad the staging tile by one row so that store's block stride is ODD. The natural stride is the tile's row count, which is 16-aligned by nature and so is the worst rung of the bank ladder (~8.7 cycles a store against ~1.1, D-084) — on the two kernels reworked in D-226 the padding was worth MORE than this move is (-12.3 and -10.8 us of -17.7 and -28.2), and it is worth taking blind: one UB row, and it only ever costs nothing when the store pipe is idle anyway
[perf] @tril_inverse64_v2_strict_bf16_kernel.vec #307 <ascriptor><path>/kernels/triangular_inverse.py:238:16: warning: ub_to_l1.nd2nz composes multiple MTE3 bursts (one per NZ fractal column of the ND rows) — not a single instruction, and board-measured 10x slower than the compact-NZ move (D-084); store the tile as compact NZ from the @vf instead (a strided vf.store writes the fractal directly) and move it with the plain ub_to_l1. WHEN YOU DO: pad the staging tile by one row so that store's block stride is ODD. The natural stride is the tile's row count, which is 16-aligned by nature and so is the worst rung of the bank ladder (~8.7 cycles a store against ~1.1, D-084) — on the two kernels reworked in D-226 the padding was worth MORE than this move is (-12.3 and -10.8 us of -17.7 and -28.2), and it is worth taking blind: one UB row, and it only ever costs nothing when the store pipe is idle anyway
[perf] @tril_inverse64_v2_strict_bf16_kernel.vec #309 <ascriptor><path>/kernels/triangular_inverse.py:239:16: warning: ub_to_l1.nd2nz composes multiple MTE3 bursts (one per NZ fractal column of the ND rows) — not a single instruction, and board-measured 10x slower than the compact-NZ move (D-084); store the tile as compact NZ from the @vf instead (a strided vf.store writes the fractal directly) and move it with the plain ub_to_l1. WHEN YOU DO: pad the staging tile by one row so that store's block stride is ODD. The natural stride is the tile's row count, which is 16-aligned by nature and so is the worst rung of the bank ladder (~8.7 cycles a store against ~1.1, D-084) — on the two kernels reworked in D-226 the padding was worth MORE than this move is (-12.3 and -10.8 us of -17.7 and -28.2), and it is worth taking blind: one UB row, and it only ever costs nothing when the store pipe is idle anyway
[perf] @kda_sub3_wy_stable_kernel.vec #181 kernels<path>/kernels/wy.py:192:12: warning: ub_to_l1.nd2nz composes multiple MTE3 bursts (one per NZ fractal column of the ND rows) — not a single instruction, and board-measured 10x slower than the compact-NZ move (D-084); store the tile as compact NZ from the @vf instead (a strided vf.store writes the fractal directly) and move it with the plain ub_to_l1. WHEN YOU DO: pad the staging tile by one row so that store's block stride is ODD. The natural stride is the tile's row count, which is 16-aligned by nature and so is the worst rung of the bank ladder (~8.7 cycles a store against ~1.1, D-084) — on the two kernels reworked in D-226 the padding was worth MORE than this move is (-12.3 and -10.8 us of -17.7 and -28.2), and it is worth taking blind: one UB row, and it only ever costs nothing when the store pipe is idle anyway
[perf] @kda_sub3_wy_stable_kernel.vec #187 kernels<path>/kernels/wy.py:193:12: warning: ub_to_l1.nd2nz composes multiple MTE3 bursts (one per NZ fractal column of the ND rows) — not a single instruction, and board-measured 10x slower than the compact-NZ move (D-084); store the tile as compact NZ from the @vf instead (a strided vf.store writes the fractal directly) and move it with the plain ub_to_l1. WHEN YOU DO: pad the staging tile by one row so that store's block stride is ODD. The natural stride is the tile's row count, which is 16-aligned by nature and so is the worst rung of the bank ladder (~8.7 cycles a store against ~1.1, D-084) — on the two kernels reworked in D-226 the padding was worth MORE than this move is (-12.3 and -10.8 us of -17.7 and -28.2), and it is worth taking blind: one UB row, and it only ever costs nothing when the store pipe is idle anyway
[perf] @kda_sub45_aqk_repaired_kernel.vec #144 kernels<path>/kernels/recurrent.py:210:16: warning: ub_to_l1.nd2nz composes multiple MTE3 bursts (one per NZ fractal column of the ND rows) — not a single instruction, and board-measured 10x slower than the compact-NZ move (D-084); store the tile as compact NZ from the @vf instead (a strided vf.store writes the fractal directly) and move it with the plain ub_to_l1. WHEN YOU DO: pad the staging tile by one row so that store's block stride is ODD. The natural stride is the tile's row count, which is 16-aligned by nature and so is the worst rung of the bank ladder (~8.7 cycles a store against ~1.1, D-084) — on the two kernels reworked in D-226 the padding was worth MORE than this move is (-12.3 and -10.8 us of -17.7 and -28.2), and it is worth taking blind: one UB row, and it only ever costs nothing when the store pipe is idle anyway
[perf] @kda_sub45_aqk_repaired_kernel.vec #213 kernels<path>/kernels/recurrent.py:234:12: warning: ub_to_l1.nd2nz composes multiple MTE3 bursts (one per NZ fractal column of the ND rows) — not a single instruction, and board-measured 10x slower than the compact-NZ move (D-084); store the tile as compact NZ from the @vf instead (a strided vf.store writes the fractal directly) and move it with the plain ub_to_l1. WHEN YOU DO: pad the staging tile by one row so that store's block stride is ODD. The natural stride is the tile's row count, which is 16-aligned by nature and so is the worst rung of the bank ladder (~8.7 cycles a store against ~1.1, D-084) — on the two kernels reworked in D-226 the padding was worth MORE than this move is (-12.3 and -10.8 us of -17.7 and -28.2), and it is worth taking blind: one UB row, and it only ever costs nothing when the store pipe is idle anyway
[perf] @kda_sub45_aqk_repaired_kernel.vec #371 kernels<path>/kernels/recurrent.py:314:16: warning: ub_to_l1.nd2nz composes multiple MTE3 bursts (one per NZ fractal column of the ND rows) — not a single instruction, and board-measured 10x slower than the compact-NZ move (D-084); store the tile as compact NZ from the @vf instead (a strided vf.store writes the fractal directly) and move it with the plain ub_to_l1. WHEN YOU DO: pad the staging tile by one row so that store's block stride is ODD. The natural stride is the tile's row count, which is 16-aligned by nature and so is the worst rung of the bank ladder (~8.7 cycles a store against ~1.1, D-084) — on the two kernels reworked in D-226 the padding was worth MORE than this move is (-12.3 and -10.8 us of -17.7 and -28.2), and it is worth taking blind: one UB row, and it only ever costs nothing when the store pipe is idle anyway
[perf] @snapshot_and_cast_state_vf #106 <ascriptor><path>/kernels/scan_fused.py:53:8: warning: strided block store with an even block stride (64): consecutive datablocks hit conflicting UB banks and the store port serialises (board-measured: ~2x an odd stride, ~8x at multiples of 16 — D-084); pad the destination row so the stride is odd (65) to restore the flat rate
[perf] @add_dv_and_cast_bf16_vf #260 <ascriptor><path>/kernels/scan_fused.py:77:8: warning: strided block store with an even block stride (32): consecutive datablocks hit conflicting UB banks and the store port serialises (board-measured: ~2x an odd stride, ~8x at multiples of 16 — D-084); pad the destination row so the stride is odd (33) to restore the flat rate
[perf] @update_dstate_vf #457 <ascriptor><path>/kernels/scan_fused.py:135:8: warning: strided block store with an even block stride (64): consecutive datablocks hit conflicting UB banks and the store port serialises (board-measured: ~2x an odd stride, ~8x at multiples of 16 — D-084); pad the destination row so the stride is odd (65) to restore the flat rate
[perf] @inverse_mm_bounded_kernel.vec #117 kernels<path>/kernels/inverse_mm.py:120:16: warning: ub_to_l1.nd2nz composes multiple MTE3 bursts (one per NZ fractal column of the ND rows) — not a single instruction, and board-measured 10x slower than the compact-NZ move (D-084); store the tile as compact NZ from the @vf instead (a strided vf.store writes the fractal directly) and move it with the plain ub_to_l1. WHEN YOU DO: pad the staging tile by one row so that store's block stride is ODD. The natural stride is the tile's row count, which is 16-aligned by nature and so is the worst rung of the bank ladder (~8.7 cycles a store against ~1.1, D-084) — on the two kernels reworked in D-226 the padding was worth MORE than this move is (-12.3 and -10.8 us of -17.7 and -28.2), and it is worth taking blind: one UB row, and it only ever costs nothing when the store pipe is idle anyway
[perf] @inverse_dakk_fused_kernel.vec #85 <ascriptor><path>/kernels/inverse_dakk_fused.py:99:16: warning: ub_to_l1.nd2nz composes multiple MTE3 bursts (one per NZ fractal column of the ND rows) — not a single instruction, and board-measured 10x slower than the compact-NZ move (D-084); store the tile as compact NZ from the @vf instead (a strided vf.store writes the fractal directly) and move it with the plain ub_to_l1. WHEN YOU DO: pad the staging tile by one row so that store's block stride is ODD. The natural stride is the tile's row count, which is 16-aligned by nature and so is the worst rung of the bank ladder (~8.7 cycles a store against ~1.1, D-084) — on the two kernels reworked in D-226 the padding was worth MORE than this move is (-12.3 and -10.8 us of -17.7 and -28.2), and it is worth taking blind: one UB row, and it only ever costs nothing when the store pipe is idle anyway
case kda.chunk_kda_fwd_with_caches.upstream_impl  device=npu  verdict=incomplete-clean  calls=7  ERROR PassError: local_mutex: cube needs 34 mutex IDs (maximum 32) at #18 loc("<ascriptor><path>/kernels/inverse_mm.py:65:15"); %_l0a: 2 slots; %_l0b: 2 slots; %l1_do: 2 slots; %l1_vnew: 2 slots; %l1_dv: 2 slots; %l1_h: 2 slots; %l1_dh: 2 slots; %l1_Akk: 3 slots; %l1_dw: 3 slots; %l0c_dqg: 1 slots; %l0c_dkg: 1 slots; %l0c_dvh: 2 slots; %l0c_dvbeta: 2 slots; %l0c_dkbetag: 2 slots; %dvh_f_ub: 3 slots; %out_f_ub: 3 slots
  by_category: {'meta_view': 1, 'readonly_check': 6}
  category                 operator                           site                                         copy  dtype→  count
  meta_view                aten.view.default                  ascend_fla/ops/kda/chunk.py:475 _gate_span                 1
  readonly_check           aten.cumsum.default                ascend_fla/ops/kda/chunk.py:475 _gate_span   yes           1
  readonly_check           aten.amax.default                  ascend_fla/ops/kda/chunk.py:476 _gate_span   yes           1
  readonly_check           aten.amin.default                  ascend_fla/ops/kda/chunk.py:476 _gate_span   yes           1
  readonly_check           aten.sub.Tensor                    ascend_fla/ops/kda/chunk.py:476 _gate_span   yes           1
  readonly_check           aten.max.default                   ascend_fla/ops/kda/chunk.py:476 _gate_span   yes           1
  readonly_check           aten._local_scalar_dense.default   ascend_fla/ops/kda/chunk.py:476 _gate_span                 1
wrote 1 case file(s) + summary.json to benchmarks/evidence/host_op_audit/run-a5-final
=== kda.chunk_kda_bwd.bf16: <repo>/benchmarks/host_op_audit.py --case kda.chunk_kda_bwd.bf16 --device npu --roots ascend_fla/ops --output benchmarks/evidence/host_op_audit/run-a5-final --in-process
can not use command: npu-smi info
[perf] @kda_sub2_score_stable_kernel.vec #164 kernels<path>/kernels/intra.py:238:16: warning: ub_to_l1.nd2nz composes multiple MTE3 bursts (one per NZ fractal column of the ND rows) — not a single instruction, and board-measured 10x slower than the compact-NZ move (D-084); store the tile as compact NZ from the @vf instead (a strided vf.store writes the fractal directly) and move it with the plain ub_to_l1. WHEN YOU DO: pad the staging tile by one row so that store's block stride is ODD. The natural stride is the tile's row count, which is 16-aligned by nature and so is the worst rung of the bank ladder (~8.7 cycles a store against ~1.1, D-084) — on the two kernels reworked in D-226 the padding was worth MORE than this move is (-12.3 and -10.8 us of -17.7 and -28.2), and it is worth taking blind: one UB row, and it only ever costs nothing when the store pipe is idle anyway
[perf] @kda_sub2_score_stable_kernel.vec #170 kernels<path>/kernels/intra.py:239:16: warning: ub_to_l1.nd2nz composes multiple MTE3 bursts (one per NZ fractal column of the ND rows) — not a single instruction, and board-measured 10x slower than the compact-NZ move (D-084); store the tile as compact NZ from the @vf instead (a strided vf.store writes the fractal directly) and move it with the plain ub_to_l1. WHEN YOU DO: pad the staging tile by one row so that store's block stride is ODD. The natural stride is the tile's row count, which is 16-aligned by nature and so is the worst rung of the bank ladder (~8.7 cycles a store against ~1.1, D-084) — on the two kernels reworked in D-226 the padding was worth MORE than this move is (-12.3 and -10.8 us of -17.7 and -28.2), and it is worth taking blind: one UB row, and it only ever costs nothing when the store pipe is idle anyway
[perf] @kda_sub2_score_stable_kernel.vec #176 kernels<path>/kernels/intra.py:240:16: warning: ub_to_l1.nd2nz composes multiple MTE3 bursts (one per NZ fractal column of the ND rows) — not a single instruction, and board-measured 10x slower than the compact-NZ move (D-084); store the tile as compact NZ from the @vf instead (a strided vf.store writes the fractal directly) and move it with the plain ub_to_l1. WHEN YOU DO: pad the staging tile by one row so that store's block stride is ODD. The natural stride is the tile's row count, which is 16-aligned by nature and so is the worst rung of the bank ladder (~8.7 cycles a store against ~1.1, D-084) — on the two kernels reworked in D-226 the padding was worth MORE than this move is (-12.3 and -10.8 us of -17.7 and -28.2), and it is worth taking blind: one UB row, and it only ever costs nothing when the store pipe is idle anyway
[perf] @tril_inverse64_v2_strict_bf16_kernel.vec #101 <ascriptor><path>/kernels/triangular_inverse.py:202:16: warning: ub_to_l1.nd2nz composes multiple MTE3 bursts (one per NZ fractal column of the ND rows) — not a single instruction, and board-measured 10x slower than the compact-NZ move (D-084); store the tile as compact NZ from the @vf instead (a strided vf.store writes the fractal directly) and move it with the plain ub_to_l1. WHEN YOU DO: pad the staging tile by one row so that store's block stride is ODD. The natural stride is the tile's row count, which is 16-aligned by nature and so is the worst rung of the bank ladder (~8.7 cycles a store against ~1.1, D-084) — on the two kernels reworked in D-226 the padding was worth MORE than this move is (-12.3 and -10.8 us of -17.7 and -28.2), and it is worth taking blind: one UB row, and it only ever costs nothing when the store pipe is idle anyway
[perf] @tril_inverse64_v2_strict_bf16_kernel.vec #156 <ascriptor><path>/kernels/triangular_inverse.py:209:16: warning: ub_to_l1.nd2nz composes multiple MTE3 bursts (one per NZ fractal column of the ND rows) — not a single instruction, and board-measured 10x slower than the compact-NZ move (D-084); store the tile as compact NZ from the @vf instead (a strided vf.store writes the fractal directly) and move it with the plain ub_to_l1. WHEN YOU DO: pad the staging tile by one row so that store's block stride is ODD. The natural stride is the tile's row count, which is 16-aligned by nature and so is the worst rung of the bank ladder (~8.7 cycles a store against ~1.1, D-084) — on the two kernels reworked in D-226 the padding was worth MORE than this move is (-12.3 and -10.8 us of -17.7 and -28.2), and it is worth taking blind: one UB row, and it only ever costs nothing when the store pipe is idle anyway
[perf] @tril_inverse64_v2_strict_bf16_kernel.vec #158 <ascriptor><path>/kernels/triangular_inverse.py:210:16: warning: ub_to_l1.nd2nz composes multiple MTE3 bursts (one per NZ fractal column of the ND rows) — not a single instruction, and board-measured 10x slower than the compact-NZ move (D-084); store the tile as compact NZ from the @vf instead (a strided vf.store writes the fractal directly) and move it with the plain ub_to_l1. WHEN YOU DO: pad the staging tile by one row so that store's block stride is ODD. The natural stride is the tile's row count, which is 16-aligned by nature and so is the worst rung of the bank ladder (~8.7 cycles a store against ~1.1, D-084) — on the two kernels reworked in D-226 the padding was worth MORE than this move is (-12.3 and -10.8 us of -17.7 and -28.2), and it is worth taking blind: one UB row, and it only ever costs nothing when the store pipe is idle anyway
[perf] @tril_inverse64_v2_strict_bf16_kernel.vec #242 <ascriptor><path>/kernels/triangular_inverse.py:226:16: warning: ub_to_l1.nd2nz composes multiple MTE3 bursts (one per NZ fractal column of the ND rows) — not a single instruction, and board-measured 10x slower than the compact-NZ move (D-084); store the tile as compact NZ from the @vf instead (a strided vf.store writes the fractal directly) and move it with the plain ub_to_l1. WHEN YOU DO: pad the staging tile by one row so that store's block stride is ODD. The natural stride is the tile's row count, which is 16-aligned by nature and so is the worst rung of the bank ladder (~8.7 cycles a store against ~1.1, D-084) — on the two kernels reworked in D-226 the padding was worth MORE than this move is (-12.3 and -10.8 us of -17.7 and -28.2), and it is worth taking blind: one UB row, and it only ever costs nothing when the store pipe is idle anyway
[perf] @tril_inverse64_v2_strict_bf16_kernel.vec #244 <ascriptor><path>/kernels/triangular_inverse.py:227:16: warning: ub_to_l1.nd2nz composes multiple MTE3 bursts (one per NZ fractal column of the ND rows) — not a single instruction, and board-measured 10x slower than the compact-NZ move (D-084); store the tile as compact NZ from the @vf instead (a strided vf.store writes the fractal directly) and move it with the plain ub_to_l1. WHEN YOU DO: pad the staging tile by one row so that store's block stride is ODD. The natural stride is the tile's row count, which is 16-aligned by nature and so is the worst rung of the bank ladder (~8.7 cycles a store against ~1.1, D-084) — on the two kernels reworked in D-226 the padding was worth MORE than this move is (-12.3 and -10.8 us of -17.7 and -28.2), and it is worth taking blind: one UB row, and it only ever costs nothing when the store pipe is idle anyway
[perf] @tril_inverse64_v2_strict_bf16_kernel.vec #246 <ascriptor><path>/kernels/triangular_inverse.py:228:16: warning: ub_to_l1.nd2nz composes multiple MTE3 bursts (one per NZ fractal column of the ND rows) — not a single instruction, and board-measured 10x slower than the compact-NZ move (D-084); store the tile as compact NZ from the @vf instead (a strided vf.store writes the fractal directly) and move it with the plain ub_to_l1. WHEN YOU DO: pad the staging tile by one row so that store's block stride is ODD. The natural stride is the tile's row count, which is 16-aligned by nature and so is the worst rung of the bank ladder (~8.7 cycles a store against ~1.1, D-084) — on the two kernels reworked in D-226 the padding was worth MORE than this move is (-12.3 and -10.8 us of -17.7 and -28.2), and it is worth taking blind: one UB row, and it only ever costs nothing when the store pipe is idle anyway
[perf] @tril_inverse64_v2_strict_bf16_kernel.vec #248 <ascriptor><path>/kernels/triangular_inverse.py:229:16: warning: ub_to_l1.nd2nz composes multiple MTE3 bursts (one per NZ fractal column of the ND rows) — not a single instruction, and board-measured 10x slower than the compact-NZ move (D-084); store the tile as compact NZ from the @vf instead (a strided vf.store writes the fractal directly) and move it with the plain ub_to_l1. WHEN YOU DO: pad the staging tile by one row so that store's block stride is ODD. The natural stride is the tile's row count, which is 16-aligned by nature and so is the worst rung of the bank ladder (~8.7 cycles a store against ~1.1, D-084) — on the two kernels reworked in D-226 the padding was worth MORE than this move is (-12.3 and -10.8 us of -17.7 and -28.2), and it is worth taking blind: one UB row, and it only ever costs nothing when the store pipe is idle anyway
[perf] @tril_inverse64_v2_strict_bf16_kernel.vec #305 <ascriptor><path>/kernels/triangular_inverse.py:237:16: warning: ub_to_l1.nd2nz composes multiple MTE3 bursts (one per NZ fractal column of the ND rows) — not a single instruction, and board-measured 10x slower than the compact-NZ move (D-084); store the tile as compact NZ from the @vf instead (a strided vf.store writes the fractal directly) and move it with the plain ub_to_l1. WHEN YOU DO: pad the staging tile by one row so that store's block stride is ODD. The natural stride is the tile's row count, which is 16-aligned by nature and so is the worst rung of the bank ladder (~8.7 cycles a store against ~1.1, D-084) — on the two kernels reworked in D-226 the padding was worth MORE than this move is (-12.3 and -10.8 us of -17.7 and -28.2), and it is worth taking blind: one UB row, and it only ever costs nothing when the store pipe is idle anyway
[perf] @tril_inverse64_v2_strict_bf16_kernel.vec #307 <ascriptor><path>/kernels/triangular_inverse.py:238:16: warning: ub_to_l1.nd2nz composes multiple MTE3 bursts (one per NZ fractal column of the ND rows) — not a single instruction, and board-measured 10x slower than the compact-NZ move (D-084); store the tile as compact NZ from the @vf instead (a strided vf.store writes the fractal directly) and move it with the plain ub_to_l1. WHEN YOU DO: pad the staging tile by one row so that store's block stride is ODD. The natural stride is the tile's row count, which is 16-aligned by nature and so is the worst rung of the bank ladder (~8.7 cycles a store against ~1.1, D-084) — on the two kernels reworked in D-226 the padding was worth MORE than this move is (-12.3 and -10.8 us of -17.7 and -28.2), and it is worth taking blind: one UB row, and it only ever costs nothing when the store pipe is idle anyway
[perf] @tril_inverse64_v2_strict_bf16_kernel.vec #309 <ascriptor><path>/kernels/triangular_inverse.py:239:16: warning: ub_to_l1.nd2nz composes multiple MTE3 bursts (one per NZ fractal column of the ND rows) — not a single instruction, and board-measured 10x slower than the compact-NZ move (D-084); store the tile as compact NZ from the @vf instead (a strided vf.store writes the fractal directly) and move it with the plain ub_to_l1. WHEN YOU DO: pad the staging tile by one row so that store's block stride is ODD. The natural stride is the tile's row count, which is 16-aligned by nature and so is the worst rung of the bank ladder (~8.7 cycles a store against ~1.1, D-084) — on the two kernels reworked in D-226 the padding was worth MORE than this move is (-12.3 and -10.8 us of -17.7 and -28.2), and it is worth taking blind: one UB row, and it only ever costs nothing when the store pipe is idle anyway
[perf] @kda_sub3_wy_stable_kernel.vec #181 kernels<path>/kernels/wy.py:192:12: warning: ub_to_l1.nd2nz composes multiple MTE3 bursts (one per NZ fractal column of the ND rows) — not a single instruction, and board-measured 10x slower than the compact-NZ move (D-084); store the tile as compact NZ from the @vf instead (a strided vf.store writes the fractal directly) and move it with the plain ub_to_l1. WHEN YOU DO: pad the staging tile by one row so that store's block stride is ODD. The natural stride is the tile's row count, which is 16-aligned by nature and so is the worst rung of the bank ladder (~8.7 cycles a store against ~1.1, D-084) — on the two kernels reworked in D-226 the padding was worth MORE than this move is (-12.3 and -10.8 us of -17.7 and -28.2), and it is worth taking blind: one UB row, and it only ever costs nothing when the store pipe is idle anyway
[perf] @kda_sub3_wy_stable_kernel.vec #187 kernels<path>/kernels/wy.py:193:12: warning: ub_to_l1.nd2nz composes multiple MTE3 bursts (one per NZ fractal column of the ND rows) — not a single instruction, and board-measured 10x slower than the compact-NZ move (D-084); store the tile as compact NZ from the @vf instead (a strided vf.store writes the fractal directly) and move it with the plain ub_to_l1. WHEN YOU DO: pad the staging tile by one row so that store's block stride is ODD. The natural stride is the tile's row count, which is 16-aligned by nature and so is the worst rung of the bank ladder (~8.7 cycles a store against ~1.1, D-084) — on the two kernels reworked in D-226 the padding was worth MORE than this move is (-12.3 and -10.8 us of -17.7 and -28.2), and it is worth taking blind: one UB row, and it only ever costs nothing when the store pipe is idle anyway
[perf] @kda_sub45_aqk_repaired_kernel.vec #144 kernels<path>/kernels/recurrent.py:210:16: warning: ub_to_l1.nd2nz composes multiple MTE3 bursts (one per NZ fractal column of the ND rows) — not a single instruction, and board-measured 10x slower than the compact-NZ move (D-084); store the tile as compact NZ from the @vf instead (a strided vf.store writes the fractal directly) and move it with the plain ub_to_l1. WHEN YOU DO: pad the staging tile by one row so that store's block stride is ODD. The natural stride is the tile's row count, which is 16-aligned by nature and so is the worst rung of the bank ladder (~8.7 cycles a store against ~1.1, D-084) — on the two kernels reworked in D-226 the padding was worth MORE than this move is (-12.3 and -10.8 us of -17.7 and -28.2), and it is worth taking blind: one UB row, and it only ever costs nothing when the store pipe is idle anyway
[perf] @kda_sub45_aqk_repaired_kernel.vec #213 kernels<path>/kernels/recurrent.py:234:12: warning: ub_to_l1.nd2nz composes multiple MTE3 bursts (one per NZ fractal column of the ND rows) — not a single instruction, and board-measured 10x slower than the compact-NZ move (D-084); store the tile as compact NZ from the @vf instead (a strided vf.store writes the fractal directly) and move it with the plain ub_to_l1. WHEN YOU DO: pad the staging tile by one row so that store's block stride is ODD. The natural stride is the tile's row count, which is 16-aligned by nature and so is the worst rung of the bank ladder (~8.7 cycles a store against ~1.1, D-084) — on the two kernels reworked in D-226 the padding was worth MORE than this move is (-12.3 and -10.8 us of -17.7 and -28.2), and it is worth taking blind: one UB row, and it only ever costs nothing when the store pipe is idle anyway
[perf] @kda_sub45_aqk_repaired_kernel.vec #371 kernels<path>/kernels/recurrent.py:314:16: warning: ub_to_l1.nd2nz composes multiple MTE3 bursts (one per NZ fractal column of the ND rows) — not a single instruction, and board-measured 10x slower than the compact-NZ move (D-084); store the tile as compact NZ from the @vf instead (a strided vf.store writes the fractal directly) and move it with the plain ub_to_l1. WHEN YOU DO: pad the staging tile by one row so that store's block stride is ODD. The natural stride is the tile's row count, which is 16-aligned by nature and so is the worst rung of the bank ladder (~8.7 cycles a store against ~1.1, D-084) — on the two kernels reworked in D-226 the padding was worth MORE than this move is (-12.3 and -10.8 us of -17.7 and -28.2), and it is worth taking blind: one UB row, and it only ever costs nothing when the store pipe is idle anyway
[perf] @snapshot_and_cast_state_vf #106 <ascriptor><path>/kernels/scan_fused.py:53:8: warning: strided block store with an even block stride (64): consecutive datablocks hit conflicting UB banks and the store port serialises (board-measured: ~2x an odd stride, ~8x at multiples of 16 — D-084); pad the destination row so the stride is odd (65) to restore the flat rate
[perf] @add_dv_and_cast_bf16_vf #260 <ascriptor><path>/kernels/scan_fused.py:77:8: warning: strided block store with an even block stride (32): consecutive datablocks hit conflicting UB banks and the store port serialises (board-measured: ~2x an odd stride, ~8x at multiples of 16 — D-084); pad the destination row so the stride is odd (33) to restore the flat rate
[perf] @update_dstate_vf #457 <ascriptor><path>/kernels/scan_fused.py:135:8: warning: strided block store with an even block stride (64): consecutive datablocks hit conflicting UB banks and the store port serialises (board-measured: ~2x an odd stride, ~8x at multiples of 16 — D-084); pad the destination row so the stride is odd (65) to restore the flat rate
[perf] @inverse_mm_bounded_kernel.vec #117 kernels<path>/kernels/inverse_mm.py:120:16: warning: ub_to_l1.nd2nz composes multiple MTE3 bursts (one per NZ fractal column of the ND rows) — not a single instruction, and board-measured 10x slower than the compact-NZ move (D-084); store the tile as compact NZ from the @vf instead (a strided vf.store writes the fractal directly) and move it with the plain ub_to_l1. WHEN YOU DO: pad the staging tile by one row so that store's block stride is ODD. The natural stride is the tile's row count, which is 16-aligned by nature and so is the worst rung of the bank ladder (~8.7 cycles a store against ~1.1, D-084) — on the two kernels reworked in D-226 the padding was worth MORE than this move is (-12.3 and -10.8 us of -17.7 and -28.2), and it is worth taking blind: one UB row, and it only ever costs nothing when the store pipe is idle anyway
[perf] @inverse_dakk_fused_kernel.vec #85 <ascriptor><path>/kernels/inverse_dakk_fused.py:99:16: warning: ub_to_l1.nd2nz composes multiple MTE3 bursts (one per NZ fractal column of the ND rows) — not a single instruction, and board-measured 10x slower than the compact-NZ move (D-084); store the tile as compact NZ from the @vf instead (a strided vf.store writes the fractal directly) and move it with the plain ub_to_l1. WHEN YOU DO: pad the staging tile by one row so that store's block stride is ODD. The natural stride is the tile's row count, which is 16-aligned by nature and so is the worst rung of the bank ladder (~8.7 cycles a store against ~1.1, D-084) — on the two kernels reworked in D-226 the padding was worth MORE than this move is (-12.3 and -10.8 us of -17.7 and -28.2), and it is worth taking blind: one UB row, and it only ever costs nothing when the store pipe is idle anyway
<repo>/benchmarks/host_op_audit.py:528: UserWarning: Cannot create tensor with interal format while allow_internel_format=False, tensor will be created with base format. (Triggered internally at ..<path>/common/TensorFactories.cpp:340.)
  do = torch.randn_like(o.float()).to(torch.bfloat16)
case kda.chunk_kda_bwd.bf16  device=npu  verdict=violations  calls=61
  by_category: {'alloc': 43, 'forbidden_arithmetic': 1, 'meta_view': 17}
  category                 operator                           site                                         copy  dtype→  count
  meta_view                aten.view.default                  ascend_fla/ops/kda/chunk_bwd.py:260 chunk_kd               1
  meta_view                aten.slice.Tensor                  ascend_fla/ops/kda/chunk_bwd.py:260 chunk_kd               1
  meta_view                aten.view.default                  ascend_fla/ops/kda/chunk_bwd.py:261 chunk_kd               1
  alloc                    aten.empty.memory_format           ascend_fla/ops/kda/chunk_bwd.py:261 chunk_kd               1
  meta_view                aten.view.default                  ascend_fla/ops/kda/chunk_bwd.py:261 chunk_kd               1
  meta_view                aten.view.default                  ascend_fla/ops/kda/chunk_bwd.py:264 chunk_kd               1
  alloc                    aten.empty.memory_format           ascend_fla/ops/kda/chunk_bwd.py:250 empty                  2
  alloc                    aten.empty.memory_format           ascend_fla/ops/kda/chunk_bwd.py:250 empty                  1
  alloc                    aten.empty.memory_format           ascend_fla/ops/kda/chunk_bwd.py:250 empty                  6
  alloc                    aten.empty.memory_format           ascend_fla/ops/kda/chunk_bwd.py:250 empty                  5
  meta_view                aten.view.default                  ascend_fla/ops/kda/chunk_bwd.py:270 chunk_kd               1
  alloc                    aten.empty.memory_format           ascend_fla/ops/kda/chunk_bwd.py:267 chunk_kd               1
  alloc                    aten.empty.memory_format           ascend_fla/ops/kda/chunk_bwd.py:250 empty                  9
  alloc                    aten.empty.memory_format           ascend_fla/ops/kda/chunk_bwd.py:277 chunk_kd               1
  forbidden_arithmetic     aten.neg.default                   ascend_fla/ops/kda/chunk_bwd.py:286 chunk_kd yes           1
  alloc                    aten.empty.memory_format           ascend_fla/ops/kda/chunk_bwd.py:250 empty                  1
  alloc                    aten.empty.memory_format           ascend_fla/ops/kda/chunk_bwd.py:291 chunk_kd               1
  alloc                    aten.empty.memory_format           ascend_fla/ops/kda/chunk_bwd.py:250 empty                  4
  alloc                    aten.empty.memory_format           ascend_fla/ops/kda/chunk_bwd.py:301 chunk_kd               1
  meta_view                aten.view.default                  ascend_fla/ops/kda/chunk_bwd.py:309 chunk_kd               1
  alloc                    aten.empty.memory_format           ascend_fla/ops/kda/chunk_bwd.py:308 chunk_kd               1
  alloc                    aten.empty.memory_format           ascend_fla/ops/kda/chunk_bwd.py:317 chunk_kd               1
  meta_view                aten.view.default                  ascend_fla/ops/kda/chunk_bwd.py:327 flat                   3
  meta_view                aten.view.default                  ascend_fla/ops/kda/chunk_bwd.py:327 flat                   3
  alloc                    aten.empty.memory_format           ascend_fla/ops/kda/chunk_bwd.py:330 chunk_kd               1
  alloc                    aten.empty.memory_format           ascend_fla/ops/kda/chunk_bwd.py:250 empty                  2
  alloc                    aten.empty.memory_format           ascend_fla/ops/kda/chunk_bwd.py:250 empty                  1
  meta_view                aten.view.default                  ascend_fla/ops/kda/chunk_bwd.py:339 chunked                4
  alloc                    aten.empty.memory_format           ascend_fla/ops/kda/chunk_bwd.py:344 chunk_kd               1
  alloc                    aten.empty.memory_format           ascend_fla/ops/kda/chunk_bwd.py:250 empty                  2
  alloc                    aten.empty.memory_format           ascend_fla/ops/kda/chunk_bwd.py:355 chunk_kd               1
wrote 1 case file(s) + summary.json to benchmarks/evidence/host_op_audit/run-a5-final
=== kda.fused_recurrent_kda.bf16: <repo>/benchmarks/host_op_audit.py --case kda.fused_recurrent_kda.bf16 --device npu --roots ascend_fla/ops --output benchmarks/evidence/host_op_audit/run-a5-final --in-process
can not use command: npu-smi info
[perf] @kda_sub2_score_stable_kernel.vec #164 kernels<path>/kernels/intra.py:238:16: warning: ub_to_l1.nd2nz composes multiple MTE3 bursts (one per NZ fractal column of the ND rows) — not a single instruction, and board-measured 10x slower than the compact-NZ move (D-084); store the tile as compact NZ from the @vf instead (a strided vf.store writes the fractal directly) and move it with the plain ub_to_l1. WHEN YOU DO: pad the staging tile by one row so that store's block stride is ODD. The natural stride is the tile's row count, which is 16-aligned by nature and so is the worst rung of the bank ladder (~8.7 cycles a store against ~1.1, D-084) — on the two kernels reworked in D-226 the padding was worth MORE than this move is (-12.3 and -10.8 us of -17.7 and -28.2), and it is worth taking blind: one UB row, and it only ever costs nothing when the store pipe is idle anyway
[perf] @kda_sub2_score_stable_kernel.vec #170 kernels<path>/kernels/intra.py:239:16: warning: ub_to_l1.nd2nz composes multiple MTE3 bursts (one per NZ fractal column of the ND rows) — not a single instruction, and board-measured 10x slower than the compact-NZ move (D-084); store the tile as compact NZ from the @vf instead (a strided vf.store writes the fractal directly) and move it with the plain ub_to_l1. WHEN YOU DO: pad the staging tile by one row so that store's block stride is ODD. The natural stride is the tile's row count, which is 16-aligned by nature and so is the worst rung of the bank ladder (~8.7 cycles a store against ~1.1, D-084) — on the two kernels reworked in D-226 the padding was worth MORE than this move is (-12.3 and -10.8 us of -17.7 and -28.2), and it is worth taking blind: one UB row, and it only ever costs nothing when the store pipe is idle anyway
[perf] @kda_sub2_score_stable_kernel.vec #176 kernels<path>/kernels/intra.py:240:16: warning: ub_to_l1.nd2nz composes multiple MTE3 bursts (one per NZ fractal column of the ND rows) — not a single instruction, and board-measured 10x slower than the compact-NZ move (D-084); store the tile as compact NZ from the @vf instead (a strided vf.store writes the fractal directly) and move it with the plain ub_to_l1. WHEN YOU DO: pad the staging tile by one row so that store's block stride is ODD. The natural stride is the tile's row count, which is 16-aligned by nature and so is the worst rung of the bank ladder (~8.7 cycles a store against ~1.1, D-084) — on the two kernels reworked in D-226 the padding was worth MORE than this move is (-12.3 and -10.8 us of -17.7 and -28.2), and it is worth taking blind: one UB row, and it only ever costs nothing when the store pipe is idle anyway
[perf] @tril_inverse64_v2_strict_bf16_kernel.vec #101 <ascriptor><path>/kernels/triangular_inverse.py:202:16: warning: ub_to_l1.nd2nz composes multiple MTE3 bursts (one per NZ fractal column of the ND rows) — not a single instruction, and board-measured 10x slower than the compact-NZ move (D-084); store the tile as compact NZ from the @vf instead (a strided vf.store writes the fractal directly) and move it with the plain ub_to_l1. WHEN YOU DO: pad the staging tile by one row so that store's block stride is ODD. The natural stride is the tile's row count, which is 16-aligned by nature and so is the worst rung of the bank ladder (~8.7 cycles a store against ~1.1, D-084) — on the two kernels reworked in D-226 the padding was worth MORE than this move is (-12.3 and -10.8 us of -17.7 and -28.2), and it is worth taking blind: one UB row, and it only ever costs nothing when the store pipe is idle anyway
[perf] @tril_inverse64_v2_strict_bf16_kernel.vec #156 <ascriptor><path>/kernels/triangular_inverse.py:209:16: warning: ub_to_l1.nd2nz composes multiple MTE3 bursts (one per NZ fractal column of the ND rows) — not a single instruction, and board-measured 10x slower than the compact-NZ move (D-084); store the tile as compact NZ from the @vf instead (a strided vf.store writes the fractal directly) and move it with the plain ub_to_l1. WHEN YOU DO: pad the staging tile by one row so that store's block stride is ODD. The natural stride is the tile's row count, which is 16-aligned by nature and so is the worst rung of the bank ladder (~8.7 cycles a store against ~1.1, D-084) — on the two kernels reworked in D-226 the padding was worth MORE than this move is (-12.3 and -10.8 us of -17.7 and -28.2), and it is worth taking blind: one UB row, and it only ever costs nothing when the store pipe is idle anyway
[perf] @tril_inverse64_v2_strict_bf16_kernel.vec #158 <ascriptor><path>/kernels/triangular_inverse.py:210:16: warning: ub_to_l1.nd2nz composes multiple MTE3 bursts (one per NZ fractal column of the ND rows) — not a single instruction, and board-measured 10x slower than the compact-NZ move (D-084); store the tile as compact NZ from the @vf instead (a strided vf.store writes the fractal directly) and move it with the plain ub_to_l1. WHEN YOU DO: pad the staging tile by one row so that store's block stride is ODD. The natural stride is the tile's row count, which is 16-aligned by nature and so is the worst rung of the bank ladder (~8.7 cycles a store against ~1.1, D-084) — on the two kernels reworked in D-226 the padding was worth MORE than this move is (-12.3 and -10.8 us of -17.7 and -28.2), and it is worth taking blind: one UB row, and it only ever costs nothing when the store pipe is idle anyway
[perf] @tril_inverse64_v2_strict_bf16_kernel.vec #242 <ascriptor><path>/kernels/triangular_inverse.py:226:16: warning: ub_to_l1.nd2nz composes multiple MTE3 bursts (one per NZ fractal column of the ND rows) — not a single instruction, and board-measured 10x slower than the compact-NZ move (D-084); store the tile as compact NZ from the @vf instead (a strided vf.store writes the fractal directly) and move it with the plain ub_to_l1. WHEN YOU DO: pad the staging tile by one row so that store's block stride is ODD. The natural stride is the tile's row count, which is 16-aligned by nature and so is the worst rung of the bank ladder (~8.7 cycles a store against ~1.1, D-084) — on the two kernels reworked in D-226 the padding was worth MORE than this move is (-12.3 and -10.8 us of -17.7 and -28.2), and it is worth taking blind: one UB row, and it only ever costs nothing when the store pipe is idle anyway
[perf] @tril_inverse64_v2_strict_bf16_kernel.vec #244 <ascriptor><path>/kernels/triangular_inverse.py:227:16: warning: ub_to_l1.nd2nz composes multiple MTE3 bursts (one per NZ fractal column of the ND rows) — not a single instruction, and board-measured 10x slower than the compact-NZ move (D-084); store the tile as compact NZ from the @vf instead (a strided vf.store writes the fractal directly) and move it with the plain ub_to_l1. WHEN YOU DO: pad the staging tile by one row so that store's block stride is ODD. The natural stride is the tile's row count, which is 16-aligned by nature and so is the worst rung of the bank ladder (~8.7 cycles a store against ~1.1, D-084) — on the two kernels reworked in D-226 the padding was worth MORE than this move is (-12.3 and -10.8 us of -17.7 and -28.2), and it is worth taking blind: one UB row, and it only ever costs nothing when the store pipe is idle anyway
[perf] @tril_inverse64_v2_strict_bf16_kernel.vec #246 <ascriptor><path>/kernels/triangular_inverse.py:228:16: warning: ub_to_l1.nd2nz composes multiple MTE3 bursts (one per NZ fractal column of the ND rows) — not a single instruction, and board-measured 10x slower than the compact-NZ move (D-084); store the tile as compact NZ from the @vf instead (a strided vf.store writes the fractal directly) and move it with the plain ub_to_l1. WHEN YOU DO: pad the staging tile by one row so that store's block stride is ODD. The natural stride is the tile's row count, which is 16-aligned by nature and so is the worst rung of the bank ladder (~8.7 cycles a store against ~1.1, D-084) — on the two kernels reworked in D-226 the padding was worth MORE than this move is (-12.3 and -10.8 us of -17.7 and -28.2), and it is worth taking blind: one UB row, and it only ever costs nothing when the store pipe is idle anyway
[perf] @tril_inverse64_v2_strict_bf16_kernel.vec #248 <ascriptor><path>/kernels/triangular_inverse.py:229:16: warning: ub_to_l1.nd2nz composes multiple MTE3 bursts (one per NZ fractal column of the ND rows) — not a single instruction, and board-measured 10x slower than the compact-NZ move (D-084); store the tile as compact NZ from the @vf instead (a strided vf.store writes the fractal directly) and move it with the plain ub_to_l1. WHEN YOU DO: pad the staging tile by one row so that store's block stride is ODD. The natural stride is the tile's row count, which is 16-aligned by nature and so is the worst rung of the bank ladder (~8.7 cycles a store against ~1.1, D-084) — on the two kernels reworked in D-226 the padding was worth MORE than this move is (-12.3 and -10.8 us of -17.7 and -28.2), and it is worth taking blind: one UB row, and it only ever costs nothing when the store pipe is idle anyway
[perf] @tril_inverse64_v2_strict_bf16_kernel.vec #305 <ascriptor><path>/kernels/triangular_inverse.py:237:16: warning: ub_to_l1.nd2nz composes multiple MTE3 bursts (one per NZ fractal column of the ND rows) — not a single instruction, and board-measured 10x slower than the compact-NZ move (D-084); store the tile as compact NZ from the @vf instead (a strided vf.store writes the fractal directly) and move it with the plain ub_to_l1. WHEN YOU DO: pad the staging tile by one row so that store's block stride is ODD. The natural stride is the tile's row count, which is 16-aligned by nature and so is the worst rung of the bank ladder (~8.7 cycles a store against ~1.1, D-084) — on the two kernels reworked in D-226 the padding was worth MORE than this move is (-12.3 and -10.8 us of -17.7 and -28.2), and it is worth taking blind: one UB row, and it only ever costs nothing when the store pipe is idle anyway
[perf] @tril_inverse64_v2_strict_bf16_kernel.vec #307 <ascriptor><path>/kernels/triangular_inverse.py:238:16: warning: ub_to_l1.nd2nz composes multiple MTE3 bursts (one per NZ fractal column of the ND rows) — not a single instruction, and board-measured 10x slower than the compact-NZ move (D-084); store the tile as compact NZ from the @vf instead (a strided vf.store writes the fractal directly) and move it with the plain ub_to_l1. WHEN YOU DO: pad the staging tile by one row so that store's block stride is ODD. The natural stride is the tile's row count, which is 16-aligned by nature and so is the worst rung of the bank ladder (~8.7 cycles a store against ~1.1, D-084) — on the two kernels reworked in D-226 the padding was worth MORE than this move is (-12.3 and -10.8 us of -17.7 and -28.2), and it is worth taking blind: one UB row, and it only ever costs nothing when the store pipe is idle anyway
[perf] @tril_inverse64_v2_strict_bf16_kernel.vec #309 <ascriptor><path>/kernels/triangular_inverse.py:239:16: warning: ub_to_l1.nd2nz composes multiple MTE3 bursts (one per NZ fractal column of the ND rows) — not a single instruction, and board-measured 10x slower than the compact-NZ move (D-084); store the tile as compact NZ from the @vf instead (a strided vf.store writes the fractal directly) and move it with the plain ub_to_l1. WHEN YOU DO: pad the staging tile by one row so that store's block stride is ODD. The natural stride is the tile's row count, which is 16-aligned by nature and so is the worst rung of the bank ladder (~8.7 cycles a store against ~1.1, D-084) — on the two kernels reworked in D-226 the padding was worth MORE than this move is (-12.3 and -10.8 us of -17.7 and -28.2), and it is worth taking blind: one UB row, and it only ever costs nothing when the store pipe is idle anyway
[perf] @kda_sub3_wy_stable_kernel.vec #181 kernels<path>/kernels/wy.py:192:12: warning: ub_to_l1.nd2nz composes multiple MTE3 bursts (one per NZ fractal column of the ND rows) — not a single instruction, and board-measured 10x slower than the compact-NZ move (D-084); store the tile as compact NZ from the @vf instead (a strided vf.store writes the fractal directly) and move it with the plain ub_to_l1. WHEN YOU DO: pad the staging tile by one row so that store's block stride is ODD. The natural stride is the tile's row count, which is 16-aligned by nature and so is the worst rung of the bank ladder (~8.7 cycles a store against ~1.1, D-084) — on the two kernels reworked in D-226 the padding was worth MORE than this move is (-12.3 and -10.8 us of -17.7 and -28.2), and it is worth taking blind: one UB row, and it only ever costs nothing when the store pipe is idle anyway
[perf] @kda_sub3_wy_stable_kernel.vec #187 kernels<path>/kernels/wy.py:193:12: warning: ub_to_l1.nd2nz composes multiple MTE3 bursts (one per NZ fractal column of the ND rows) — not a single instruction, and board-measured 10x slower than the compact-NZ move (D-084); store the tile as compact NZ from the @vf instead (a strided vf.store writes the fractal directly) and move it with the plain ub_to_l1. WHEN YOU DO: pad the staging tile by one row so that store's block stride is ODD. The natural stride is the tile's row count, which is 16-aligned by nature and so is the worst rung of the bank ladder (~8.7 cycles a store against ~1.1, D-084) — on the two kernels reworked in D-226 the padding was worth MORE than this move is (-12.3 and -10.8 us of -17.7 and -28.2), and it is worth taking blind: one UB row, and it only ever costs nothing when the store pipe is idle anyway
[perf] @kda_sub45_aqk_repaired_kernel.vec #144 kernels<path>/kernels/recurrent.py:210:16: warning: ub_to_l1.nd2nz composes multiple MTE3 bursts (one per NZ fractal column of the ND rows) — not a single instruction, and board-measured 10x slower than the compact-NZ move (D-084); store the tile as compact NZ from the @vf instead (a strided vf.store writes the fractal directly) and move it with the plain ub_to_l1. WHEN YOU DO: pad the staging tile by one row so that store's block stride is ODD. The natural stride is the tile's row count, which is 16-aligned by nature and so is the worst rung of the bank ladder (~8.7 cycles a store against ~1.1, D-084) — on the two kernels reworked in D-226 the padding was worth MORE than this move is (-12.3 and -10.8 us of -17.7 and -28.2), and it is worth taking blind: one UB row, and it only ever costs nothing when the store pipe is idle anyway
[perf] @kda_sub45_aqk_repaired_kernel.vec #213 kernels<path>/kernels/recurrent.py:234:12: warning: ub_to_l1.nd2nz composes multiple MTE3 bursts (one per NZ fractal column of the ND rows) — not a single instruction, and board-measured 10x slower than the compact-NZ move (D-084); store the tile as compact NZ from the @vf instead (a strided vf.store writes the fractal directly) and move it with the plain ub_to_l1. WHEN YOU DO: pad the staging tile by one row so that store's block stride is ODD. The natural stride is the tile's row count, which is 16-aligned by nature and so is the worst rung of the bank ladder (~8.7 cycles a store against ~1.1, D-084) — on the two kernels reworked in D-226 the padding was worth MORE than this move is (-12.3 and -10.8 us of -17.7 and -28.2), and it is worth taking blind: one UB row, and it only ever costs nothing when the store pipe is idle anyway
[perf] @kda_sub45_aqk_repaired_kernel.vec #371 kernels<path>/kernels/recurrent.py:314:16: warning: ub_to_l1.nd2nz composes multiple MTE3 bursts (one per NZ fractal column of the ND rows) — not a single instruction, and board-measured 10x slower than the compact-NZ move (D-084); store the tile as compact NZ from the @vf instead (a strided vf.store writes the fractal directly) and move it with the plain ub_to_l1. WHEN YOU DO: pad the staging tile by one row so that store's block stride is ODD. The natural stride is the tile's row count, which is 16-aligned by nature and so is the worst rung of the bank ladder (~8.7 cycles a store against ~1.1, D-084) — on the two kernels reworked in D-226 the padding was worth MORE than this move is (-12.3 and -10.8 us of -17.7 and -28.2), and it is worth taking blind: one UB row, and it only ever costs nothing when the store pipe is idle anyway
case kda.fused_recurrent_kda.bf16  device=npu  verdict=clean  calls=3
  by_category: {'alloc': 3}
  category                 operator                           site                                         copy  dtype→  count
  alloc                    aten.empty.memory_format           ascend_fla/ops/kda/fused_recurrent.py:182 fu               1
  alloc                    aten.empty.memory_format           ascend_fla/ops/kda/fused_recurrent.py:183 fu               1
  alloc                    aten.empty.memory_format           ascend_fla/ops/kda/fused_recurrent.py:186 fu               1
wrote 1 case file(s) + summary.json to benchmarks/evidence/host_op_audit/run-a5-final
=== kda.fused_recurrent_kda.fp32: <repo>/benchmarks/host_op_audit.py --case kda.fused_recurrent_kda.fp32 --device npu --roots ascend_fla/ops --output benchmarks/evidence/host_op_audit/run-a5-final --in-process
can not use command: npu-smi info
[perf] @kda_sub2_score_stable_kernel.vec #164 kernels<path>/kernels/intra.py:238:16: warning: ub_to_l1.nd2nz composes multiple MTE3 bursts (one per NZ fractal column of the ND rows) — not a single instruction, and board-measured 10x slower than the compact-NZ move (D-084); store the tile as compact NZ from the @vf instead (a strided vf.store writes the fractal directly) and move it with the plain ub_to_l1. WHEN YOU DO: pad the staging tile by one row so that store's block stride is ODD. The natural stride is the tile's row count, which is 16-aligned by nature and so is the worst rung of the bank ladder (~8.7 cycles a store against ~1.1, D-084) — on the two kernels reworked in D-226 the padding was worth MORE than this move is (-12.3 and -10.8 us of -17.7 and -28.2), and it is worth taking blind: one UB row, and it only ever costs nothing when the store pipe is idle anyway
[perf] @kda_sub2_score_stable_kernel.vec #170 kernels<path>/kernels/intra.py:239:16: warning: ub_to_l1.nd2nz composes multiple MTE3 bursts (one per NZ fractal column of the ND rows) — not a single instruction, and board-measured 10x slower than the compact-NZ move (D-084); store the tile as compact NZ from the @vf instead (a strided vf.store writes the fractal directly) and move it with the plain ub_to_l1. WHEN YOU DO: pad the staging tile by one row so that store's block stride is ODD. The natural stride is the tile's row count, which is 16-aligned by nature and so is the worst rung of the bank ladder (~8.7 cycles a store against ~1.1, D-084) — on the two kernels reworked in D-226 the padding was worth MORE than this move is (-12.3 and -10.8 us of -17.7 and -28.2), and it is worth taking blind: one UB row, and it only ever costs nothing when the store pipe is idle anyway
[perf] @kda_sub2_score_stable_kernel.vec #176 kernels<path>/kernels/intra.py:240:16: warning: ub_to_l1.nd2nz composes multiple MTE3 bursts (one per NZ fractal column of the ND rows) — not a single instruction, and board-measured 10x slower than the compact-NZ move (D-084); store the tile as compact NZ from the @vf instead (a strided vf.store writes the fractal directly) and move it with the plain ub_to_l1. WHEN YOU DO: pad the staging tile by one row so that store's block stride is ODD. The natural stride is the tile's row count, which is 16-aligned by nature and so is the worst rung of the bank ladder (~8.7 cycles a store against ~1.1, D-084) — on the two kernels reworked in D-226 the padding was worth MORE than this move is (-12.3 and -10.8 us of -17.7 and -28.2), and it is worth taking blind: one UB row, and it only ever costs nothing when the store pipe is idle anyway
[perf] @tril_inverse64_v2_strict_bf16_kernel.vec #101 <ascriptor><path>/kernels/triangular_inverse.py:202:16: warning: ub_to_l1.nd2nz composes multiple MTE3 bursts (one per NZ fractal column of the ND rows) — not a single instruction, and board-measured 10x slower than the compact-NZ move (D-084); store the tile as compact NZ from the @vf instead (a strided vf.store writes the fractal directly) and move it with the plain ub_to_l1. WHEN YOU DO: pad the staging tile by one row so that store's block stride is ODD. The natural stride is the tile's row count, which is 16-aligned by nature and so is the worst rung of the bank ladder (~8.7 cycles a store against ~1.1, D-084) — on the two kernels reworked in D-226 the padding was worth MORE than this move is (-12.3 and -10.8 us of -17.7 and -28.2), and it is worth taking blind: one UB row, and it only ever costs nothing when the store pipe is idle anyway
[perf] @tril_inverse64_v2_strict_bf16_kernel.vec #156 <ascriptor><path>/kernels/triangular_inverse.py:209:16: warning: ub_to_l1.nd2nz composes multiple MTE3 bursts (one per NZ fractal column of the ND rows) — not a single instruction, and board-measured 10x slower than the compact-NZ move (D-084); store the tile as compact NZ from the @vf instead (a strided vf.store writes the fractal directly) and move it with the plain ub_to_l1. WHEN YOU DO: pad the staging tile by one row so that store's block stride is ODD. The natural stride is the tile's row count, which is 16-aligned by nature and so is the worst rung of the bank ladder (~8.7 cycles a store against ~1.1, D-084) — on the two kernels reworked in D-226 the padding was worth MORE than this move is (-12.3 and -10.8 us of -17.7 and -28.2), and it is worth taking blind: one UB row, and it only ever costs nothing when the store pipe is idle anyway
[perf] @tril_inverse64_v2_strict_bf16_kernel.vec #158 <ascriptor><path>/kernels/triangular_inverse.py:210:16: warning: ub_to_l1.nd2nz composes multiple MTE3 bursts (one per NZ fractal column of the ND rows) — not a single instruction, and board-measured 10x slower than the compact-NZ move (D-084); store the tile as compact NZ from the @vf instead (a strided vf.store writes the fractal directly) and move it with the plain ub_to_l1. WHEN YOU DO: pad the staging tile by one row so that store's block stride is ODD. The natural stride is the tile's row count, which is 16-aligned by nature and so is the worst rung of the bank ladder (~8.7 cycles a store against ~1.1, D-084) — on the two kernels reworked in D-226 the padding was worth MORE than this move is (-12.3 and -10.8 us of -17.7 and -28.2), and it is worth taking blind: one UB row, and it only ever costs nothing when the store pipe is idle anyway
[perf] @tril_inverse64_v2_strict_bf16_kernel.vec #242 <ascriptor><path>/kernels/triangular_inverse.py:226:16: warning: ub_to_l1.nd2nz composes multiple MTE3 bursts (one per NZ fractal column of the ND rows) — not a single instruction, and board-measured 10x slower than the compact-NZ move (D-084); store the tile as compact NZ from the @vf instead (a strided vf.store writes the fractal directly) and move it with the plain ub_to_l1. WHEN YOU DO: pad the staging tile by one row so that store's block stride is ODD. The natural stride is the tile's row count, which is 16-aligned by nature and so is the worst rung of the bank ladder (~8.7 cycles a store against ~1.1, D-084) — on the two kernels reworked in D-226 the padding was worth MORE than this move is (-12.3 and -10.8 us of -17.7 and -28.2), and it is worth taking blind: one UB row, and it only ever costs nothing when the store pipe is idle anyway
[perf] @tril_inverse64_v2_strict_bf16_kernel.vec #244 <ascriptor><path>/kernels/triangular_inverse.py:227:16: warning: ub_to_l1.nd2nz composes multiple MTE3 bursts (one per NZ fractal column of the ND rows) — not a single instruction, and board-measured 10x slower than the compact-NZ move (D-084); store the tile as compact NZ from the @vf instead (a strided vf.store writes the fractal directly) and move it with the plain ub_to_l1. WHEN YOU DO: pad the staging tile by one row so that store's block stride is ODD. The natural stride is the tile's row count, which is 16-aligned by nature and so is the worst rung of the bank ladder (~8.7 cycles a store against ~1.1, D-084) — on the two kernels reworked in D-226 the padding was worth MORE than this move is (-12.3 and -10.8 us of -17.7 and -28.2), and it is worth taking blind: one UB row, and it only ever costs nothing when the store pipe is idle anyway
[perf] @tril_inverse64_v2_strict_bf16_kernel.vec #246 <ascriptor><path>/kernels/triangular_inverse.py:228:16: warning: ub_to_l1.nd2nz composes multiple MTE3 bursts (one per NZ fractal column of the ND rows) — not a single instruction, and board-measured 10x slower than the compact-NZ move (D-084); store the tile as compact NZ from the @vf instead (a strided vf.store writes the fractal directly) and move it with the plain ub_to_l1. WHEN YOU DO: pad the staging tile by one row so that store's block stride is ODD. The natural stride is the tile's row count, which is 16-aligned by nature and so is the worst rung of the bank ladder (~8.7 cycles a store against ~1.1, D-084) — on the two kernels reworked in D-226 the padding was worth MORE than this move is (-12.3 and -10.8 us of -17.7 and -28.2), and it is worth taking blind: one UB row, and it only ever costs nothing when the store pipe is idle anyway
[perf] @tril_inverse64_v2_strict_bf16_kernel.vec #248 <ascriptor><path>/kernels/triangular_inverse.py:229:16: warning: ub_to_l1.nd2nz composes multiple MTE3 bursts (one per NZ fractal column of the ND rows) — not a single instruction, and board-measured 10x slower than the compact-NZ move (D-084); store the tile as compact NZ from the @vf instead (a strided vf.store writes the fractal directly) and move it with the plain ub_to_l1. WHEN YOU DO: pad the staging tile by one row so that store's block stride is ODD. The natural stride is the tile's row count, which is 16-aligned by nature and so is the worst rung of the bank ladder (~8.7 cycles a store against ~1.1, D-084) — on the two kernels reworked in D-226 the padding was worth MORE than this move is (-12.3 and -10.8 us of -17.7 and -28.2), and it is worth taking blind: one UB row, and it only ever costs nothing when the store pipe is idle anyway
[perf] @tril_inverse64_v2_strict_bf16_kernel.vec #305 <ascriptor><path>/kernels/triangular_inverse.py:237:16: warning: ub_to_l1.nd2nz composes multiple MTE3 bursts (one per NZ fractal column of the ND rows) — not a single instruction, and board-measured 10x slower than the compact-NZ move (D-084); store the tile as compact NZ from the @vf instead (a strided vf.store writes the fractal directly) and move it with the plain ub_to_l1. WHEN YOU DO: pad the staging tile by one row so that store's block stride is ODD. The natural stride is the tile's row count, which is 16-aligned by nature and so is the worst rung of the bank ladder (~8.7 cycles a store against ~1.1, D-084) — on the two kernels reworked in D-226 the padding was worth MORE than this move is (-12.3 and -10.8 us of -17.7 and -28.2), and it is worth taking blind: one UB row, and it only ever costs nothing when the store pipe is idle anyway
[perf] @tril_inverse64_v2_strict_bf16_kernel.vec #307 <ascriptor><path>/kernels/triangular_inverse.py:238:16: warning: ub_to_l1.nd2nz composes multiple MTE3 bursts (one per NZ fractal column of the ND rows) — not a single instruction, and board-measured 10x slower than the compact-NZ move (D-084); store the tile as compact NZ from the @vf instead (a strided vf.store writes the fractal directly) and move it with the plain ub_to_l1. WHEN YOU DO: pad the staging tile by one row so that store's block stride is ODD. The natural stride is the tile's row count, which is 16-aligned by nature and so is the worst rung of the bank ladder (~8.7 cycles a store against ~1.1, D-084) — on the two kernels reworked in D-226 the padding was worth MORE than this move is (-12.3 and -10.8 us of -17.7 and -28.2), and it is worth taking blind: one UB row, and it only ever costs nothing when the store pipe is idle anyway
[perf] @tril_inverse64_v2_strict_bf16_kernel.vec #309 <ascriptor><path>/kernels/triangular_inverse.py:239:16: warning: ub_to_l1.nd2nz composes multiple MTE3 bursts (one per NZ fractal column of the ND rows) — not a single instruction, and board-measured 10x slower than the compact-NZ move (D-084); store the tile as compact NZ from the @vf instead (a strided vf.store writes the fractal directly) and move it with the plain ub_to_l1. WHEN YOU DO: pad the staging tile by one row so that store's block stride is ODD. The natural stride is the tile's row count, which is 16-aligned by nature and so is the worst rung of the bank ladder (~8.7 cycles a store against ~1.1, D-084) — on the two kernels reworked in D-226 the padding was worth MORE than this move is (-12.3 and -10.8 us of -17.7 and -28.2), and it is worth taking blind: one UB row, and it only ever costs nothing when the store pipe is idle anyway
[perf] @kda_sub3_wy_stable_kernel.vec #181 kernels<path>/kernels/wy.py:192:12: warning: ub_to_l1.nd2nz composes multiple MTE3 bursts (one per NZ fractal column of the ND rows) — not a single instruction, and board-measured 10x slower than the compact-NZ move (D-084); store the tile as compact NZ from the @vf instead (a strided vf.store writes the fractal directly) and move it with the plain ub_to_l1. WHEN YOU DO: pad the staging tile by one row so that store's block stride is ODD. The natural stride is the tile's row count, which is 16-aligned by nature and so is the worst rung of the bank ladder (~8.7 cycles a store against ~1.1, D-084) — on the two kernels reworked in D-226 the padding was worth MORE than this move is (-12.3 and -10.8 us of -17.7 and -28.2), and it is worth taking blind: one UB row, and it only ever costs nothing when the store pipe is idle anyway
[perf] @kda_sub3_wy_stable_kernel.vec #187 kernels<path>/kernels/wy.py:193:12: warning: ub_to_l1.nd2nz composes multiple MTE3 bursts (one per NZ fractal column of the ND rows) — not a single instruction, and board-measured 10x slower than the compact-NZ move (D-084); store the tile as compact NZ from the @vf instead (a strided vf.store writes the fractal directly) and move it with the plain ub_to_l1. WHEN YOU DO: pad the staging tile by one row so that store's block stride is ODD. The natural stride is the tile's row count, which is 16-aligned by nature and so is the worst rung of the bank ladder (~8.7 cycles a store against ~1.1, D-084) — on the two kernels reworked in D-226 the padding was worth MORE than this move is (-12.3 and -10.8 us of -17.7 and -28.2), and it is worth taking blind: one UB row, and it only ever costs nothing when the store pipe is idle anyway
[perf] @kda_sub45_aqk_repaired_kernel.vec #144 kernels<path>/kernels/recurrent.py:210:16: warning: ub_to_l1.nd2nz composes multiple MTE3 bursts (one per NZ fractal column of the ND rows) — not a single instruction, and board-measured 10x slower than the compact-NZ move (D-084); store the tile as compact NZ from the @vf instead (a strided vf.store writes the fractal directly) and move it with the plain ub_to_l1. WHEN YOU DO: pad the staging tile by one row so that store's block stride is ODD. The natural stride is the tile's row count, which is 16-aligned by nature and so is the worst rung of the bank ladder (~8.7 cycles a store against ~1.1, D-084) — on the two kernels reworked in D-226 the padding was worth MORE than this move is (-12.3 and -10.8 us of -17.7 and -28.2), and it is worth taking blind: one UB row, and it only ever costs nothing when the store pipe is idle anyway
[perf] @kda_sub45_aqk_repaired_kernel.vec #213 kernels<path>/kernels/recurrent.py:234:12: warning: ub_to_l1.nd2nz composes multiple MTE3 bursts (one per NZ fractal column of the ND rows) — not a single instruction, and board-measured 10x slower than the compact-NZ move (D-084); store the tile as compact NZ from the @vf instead (a strided vf.store writes the fractal directly) and move it with the plain ub_to_l1. WHEN YOU DO: pad the staging tile by one row so that store's block stride is ODD. The natural stride is the tile's row count, which is 16-aligned by nature and so is the worst rung of the bank ladder (~8.7 cycles a store against ~1.1, D-084) — on the two kernels reworked in D-226 the padding was worth MORE than this move is (-12.3 and -10.8 us of -17.7 and -28.2), and it is worth taking blind: one UB row, and it only ever costs nothing when the store pipe is idle anyway
[perf] @kda_sub45_aqk_repaired_kernel.vec #371 kernels<path>/kernels/recurrent.py:314:16: warning: ub_to_l1.nd2nz composes multiple MTE3 bursts (one per NZ fractal column of the ND rows) — not a single instruction, and board-measured 10x slower than the compact-NZ move (D-084); store the tile as compact NZ from the @vf instead (a strided vf.store writes the fractal directly) and move it with the plain ub_to_l1. WHEN YOU DO: pad the staging tile by one row so that store's block stride is ODD. The natural stride is the tile's row count, which is 16-aligned by nature and so is the worst rung of the bank ladder (~8.7 cycles a store against ~1.1, D-084) — on the two kernels reworked in D-226 the padding was worth MORE than this move is (-12.3 and -10.8 us of -17.7 and -28.2), and it is worth taking blind: one UB row, and it only ever costs nothing when the store pipe is idle anyway
case kda.fused_recurrent_kda.fp32  device=npu  verdict=clean  calls=3
  by_category: {'alloc': 3}
  category                 operator                           site                                         copy  dtype→  count
  alloc                    aten.empty.memory_format           ascend_fla/ops/kda/fused_recurrent.py:182 fu               1
  alloc                    aten.empty.memory_format           ascend_fla/ops/kda/fused_recurrent.py:183 fu               1
  alloc                    aten.empty.memory_format           ascend_fla/ops/kda/fused_recurrent.py:186 fu               1
wrote 1 case file(s) + summary.json to benchmarks/evidence/host_op_audit/run-a5-final
=== gdn.chunk_gdn.fp32: <repo>/benchmarks/host_op_audit.py --case gdn.chunk_gdn.fp32 --device npu --roots ascend_fla/ops --output benchmarks/evidence/host_op_audit/run-a5-final --in-process
can not use command: npu-smi info
case gdn.chunk_gdn.fp32  device=npu  verdict=clean  calls=18
  by_category: {'alloc': 18}
  category                 operator                           site                                         copy  dtype→  count
  alloc                    aten.empty.memory_format           ascend_fla/ops/gdn_chunk_fwd.py:125 chunk_gd               8
  alloc                    aten.empty.memory_format           ascend_fla/ops/gdn_chunk_fwd.py:115 launch                 5
  alloc                    aten.empty.memory_format           ascend_fla/ops/gdn_chunk_fwd.py:125 chunk_gd               2
  alloc                    aten.empty.memory_format           ascend_fla/ops/gdn_chunk_fwd.py:125 chunk_gd               1
  alloc                    aten.empty.memory_format           ascend_fla/ops/gdn_chunk_fwd.py:125 chunk_gd               1
  alloc                    aten.empty.memory_format           ascend_fla/ops/gdn_chunk_fwd.py:125 chunk_gd               1
wrote 1 case file(s) + summary.json to benchmarks/evidence/host_op_audit/run-a5-final
=== gdn.chunk_gdn.bf16: <repo>/benchmarks/host_op_audit.py --case gdn.chunk_gdn.bf16 --device npu --roots ascend_fla/ops --output benchmarks/evidence/host_op_audit/run-a5-final --in-process
can not use command: npu-smi info
case gdn.chunk_gdn.bf16  device=npu  verdict=clean  calls=18
  by_category: {'alloc': 18}
  category                 operator                           site                                         copy  dtype→  count
  alloc                    aten.empty.memory_format           ascend_fla/ops/gdn_chunk_fwd.py:125 chunk_gd               8
  alloc                    aten.empty.memory_format           ascend_fla/ops/gdn_chunk_fwd.py:115 launch                 5
  alloc                    aten.empty.memory_format           ascend_fla/ops/gdn_chunk_fwd.py:125 chunk_gd               2
  alloc                    aten.empty.memory_format           ascend_fla/ops/gdn_chunk_fwd.py:125 chunk_gd               1
  alloc                    aten.empty.memory_format           ascend_fla/ops/gdn_chunk_fwd.py:125 chunk_gd               1
  alloc                    aten.empty.memory_format           ascend_fla/ops/gdn_chunk_fwd.py:125 chunk_gd               1
wrote 1 case file(s) + summary.json to benchmarks/evidence/host_op_audit/run-a5-final
=== gdn.chunk_gdn_bwd.fp32: <repo>/benchmarks/host_op_audit.py --case gdn.chunk_gdn_bwd.fp32 --device npu --roots ascend_fla/ops --output benchmarks/evidence/host_op_audit/run-a5-final --in-process
can not use command: npu-smi info
<repo>/benchmarks/host_op_audit.py:577: UserWarning: Cannot create tensor with interal format while allow_internel_format=False, tensor will be created with base format. (Triggered internally at ..<path>/common/TensorFactories.cpp:340.)
  do = torch.randn_like(data["v"])
case gdn.chunk_gdn_bwd.fp32  device=npu  verdict=clean  calls=14
  by_category: {'alloc': 14}
  category                 operator                           site                                         copy  dtype→  count
  alloc                    aten.zeros.default                 ascend_fla/ops/gdn_chunk_bwd.py:150 chunk_gd               1
  alloc                    aten.empty.memory_format           ascend_fla/ops/gdn_chunk_bwd.py:168 chunk_gd               1
  alloc                    aten.empty.memory_format           ascend_fla/ops/gdn_chunk_bwd.py:168 chunk_gd               1
  alloc                    aten.empty.memory_format           ascend_fla/ops/gdn_chunk_bwd.py:158 launch                 3
  alloc                    aten.empty.memory_format           ascend_fla/ops/gdn_chunk_bwd.py:168 chunk_gd               1
  alloc                    aten.empty.memory_format           ascend_fla/ops/gdn_chunk_bwd.py:168 chunk_gd               5
  alloc                    aten.empty.memory_format           ascend_fla/ops/gdn_chunk_bwd.py:168 chunk_gd               2
wrote 1 case file(s) + summary.json to benchmarks/evidence/host_op_audit/run-a5-final
=== gdn.chunk_gdn_bwd.bf16: <repo>/benchmarks/host_op_audit.py --case gdn.chunk_gdn_bwd.bf16 --device npu --roots ascend_fla/ops --output benchmarks/evidence/host_op_audit/run-a5-final --in-process
can not use command: npu-smi info
<repo>/benchmarks/host_op_audit.py:577: UserWarning: Cannot create tensor with interal format while allow_internel_format=False, tensor will be created with base format. (Triggered internally at ..<path>/common/TensorFactories.cpp:340.)
  do = torch.randn_like(data["v"])
case gdn.chunk_gdn_bwd.bf16  device=npu  verdict=clean  calls=14
  by_category: {'alloc': 14}
  category                 operator                           site                                         copy  dtype→  count
  alloc                    aten.empty.memory_format           ascend_fla/ops/gdn_chunk_bwd.py:168 chunk_gd               1
  alloc                    aten.empty.memory_format           ascend_fla/ops/gdn_chunk_bwd.py:168 chunk_gd               2
  alloc                    aten.empty.memory_format           ascend_fla/ops/gdn_chunk_bwd.py:158 launch                 3
  alloc                    aten.empty.memory_format           ascend_fla/ops/gdn_chunk_bwd.py:168 chunk_gd               1
  alloc                    aten.empty.memory_format           ascend_fla/ops/gdn_chunk_bwd.py:168 chunk_gd               2
  alloc                    aten.empty.memory_format           ascend_fla/ops/gdn_chunk_bwd.py:168 chunk_gd               3
  alloc                    aten.empty.memory_format           ascend_fla/ops/gdn_chunk_bwd.py:168 chunk_gd               2
wrote 1 case file(s) + summary.json to benchmarks/evidence/host_op_audit/run-a5-final
=== pgdn.chunk_pgdn.fp32: <repo>/benchmarks/host_op_audit.py --case pgdn.chunk_pgdn.fp32 --device npu --roots ascend_fla/ops --output benchmarks/evidence/host_op_audit/run-a5-final --in-process
can not use command: npu-smi info
case pgdn.chunk_pgdn.fp32  device=npu  verdict=clean  calls=71
  by_category: {'alloc': 24, 'meta_view': 2, 'readonly_check': 45}
  category                 operator                           site                                         copy  dtype→  count
  readonly_check           aten.isfinite.default              ascend_fla/ops/pgdn_chunk_fwd.py:107 _valida yes   yes     3
  readonly_check           aten.all.default                   ascend_fla/ops/pgdn_chunk_fwd.py:107 _valida yes           3
  readonly_check           aten._local_scalar_dense.default   ascend_fla/ops/pgdn_chunk_fwd.py:107 _valida               7
  readonly_check           aten.isfinite.default              ascend_fla/ops/pgdn_chunk_fwd.py:107 _valida yes   yes     4
  readonly_check           aten.all.default                   ascend_fla/ops/pgdn_chunk_fwd.py:107 _valida yes           4
  readonly_check           aten.gt.Scalar                     ascend_fla/ops/pgdn_chunk_fwd.py:110 _valida yes   yes     2
  readonly_check           aten.any.default                   ascend_fla/ops/pgdn_chunk_fwd.py:110 _valida yes           2
  readonly_check           aten._local_scalar_dense.default   ascend_fla/ops/pgdn_chunk_fwd.py:110 _valida               2
  meta_view                aten.view.default                  ascend_fla/ops/pgdn_chunk_fwd.py:112 _valida               2
  readonly_check           aten.sum.dim_IntList               ascend_fla/ops/pgdn_chunk_fwd.py:112 _valida yes           2
  readonly_check           aten.isfinite.default              ascend_fla/ops/pgdn_chunk_fwd.py:112 _valida yes   yes     2
  readonly_check           aten.all.default                   ascend_fla/ops/pgdn_chunk_fwd.py:112 _valida yes           2
  readonly_check           aten._local_scalar_dense.default   ascend_fla/ops/pgdn_chunk_fwd.py:112 _valida               2
  readonly_check           aten.lt.Scalar                     ascend_fla/ops/pgdn_chunk_fwd.py:115 _valida yes   yes     2
  readonly_check           aten.gt.Scalar                     ascend_fla/ops/pgdn_chunk_fwd.py:115 _valida yes   yes     2
  readonly_check           aten.bitwise_or.Tensor             ascend_fla/ops/pgdn_chunk_fwd.py:115 _valida yes           2
  readonly_check           aten.any.default                   ascend_fla/ops/pgdn_chunk_fwd.py:115 _valida yes           2
  readonly_check           aten._local_scalar_dense.default   ascend_fla/ops/pgdn_chunk_fwd.py:115 _valida               2
  alloc                    aten.zeros.default                 ascend_fla/ops/pgdn_chunk_fwd.py:138 chunk_p               1
  alloc                    aten.empty.memory_format           ascend_fla/ops/pgdn_chunk_fwd.py:155 chunk_p               4
  alloc                    aten.empty.memory_format           ascend_fla/ops/pgdn_chunk_fwd.py:155 chunk_p               1
  alloc                    aten.empty.memory_format           ascend_fla/ops/pgdn_chunk_fwd.py:145 launch                6
  alloc                    aten.empty.memory_format           ascend_fla/ops/pgdn_chunk_fwd.py:155 chunk_p               8
  alloc                    aten.empty.memory_format           ascend_fla/ops/pgdn_chunk_fwd.py:155 chunk_p               2
  alloc                    aten.empty.memory_format           ascend_fla/ops/pgdn_chunk_fwd.py:155 chunk_p               1
  alloc                    aten.empty.memory_format           ascend_fla/ops/pgdn_chunk_fwd.py:155 chunk_p               1
wrote 1 case file(s) + summary.json to benchmarks/evidence/host_op_audit/run-a5-final
=== pgdn.chunk_pgdn.bf16: <repo>/benchmarks/host_op_audit.py --case pgdn.chunk_pgdn.bf16 --device npu --roots ascend_fla/ops --output benchmarks/evidence/host_op_audit/run-a5-final --in-process
can not use command: npu-smi info
case pgdn.chunk_pgdn.bf16  device=npu  verdict=clean  calls=71
  by_category: {'alloc': 24, 'meta_view': 2, 'readonly_check': 45}
  category                 operator                           site                                         copy  dtype→  count
  readonly_check           aten.isfinite.default              ascend_fla/ops/pgdn_chunk_fwd.py:107 _valida yes   yes     3
  readonly_check           aten.all.default                   ascend_fla/ops/pgdn_chunk_fwd.py:107 _valida yes           3
  readonly_check           aten._local_scalar_dense.default   ascend_fla/ops/pgdn_chunk_fwd.py:107 _valida               7
  readonly_check           aten.isfinite.default              ascend_fla/ops/pgdn_chunk_fwd.py:107 _valida yes   yes     4
  readonly_check           aten.all.default                   ascend_fla/ops/pgdn_chunk_fwd.py:107 _valida yes           4
  readonly_check           aten.gt.Scalar                     ascend_fla/ops/pgdn_chunk_fwd.py:110 _valida yes   yes     2
  readonly_check           aten.any.default                   ascend_fla/ops/pgdn_chunk_fwd.py:110 _valida yes           2
  readonly_check           aten._local_scalar_dense.default   ascend_fla/ops/pgdn_chunk_fwd.py:110 _valida               2
  meta_view                aten.view.default                  ascend_fla/ops/pgdn_chunk_fwd.py:112 _valida               2
  readonly_check           aten.sum.dim_IntList               ascend_fla/ops/pgdn_chunk_fwd.py:112 _valida yes           2
  readonly_check           aten.isfinite.default              ascend_fla/ops/pgdn_chunk_fwd.py:112 _valida yes   yes     2
  readonly_check           aten.all.default                   ascend_fla/ops/pgdn_chunk_fwd.py:112 _valida yes           2
  readonly_check           aten._local_scalar_dense.default   ascend_fla/ops/pgdn_chunk_fwd.py:112 _valida               2
  readonly_check           aten.lt.Scalar                     ascend_fla/ops/pgdn_chunk_fwd.py:115 _valida yes   yes     2
  readonly_check           aten.gt.Scalar                     ascend_fla/ops/pgdn_chunk_fwd.py:115 _valida yes   yes     2
  readonly_check           aten.bitwise_or.Tensor             ascend_fla/ops/pgdn_chunk_fwd.py:115 _valida yes           2
  readonly_check           aten.any.default                   ascend_fla/ops/pgdn_chunk_fwd.py:115 _valida yes           2
  readonly_check           aten._local_scalar_dense.default   ascend_fla/ops/pgdn_chunk_fwd.py:115 _valida               2
  alloc                    aten.zeros.default                 ascend_fla/ops/pgdn_chunk_fwd.py:138 chunk_p               1
  alloc                    aten.empty.memory_format           ascend_fla/ops/pgdn_chunk_fwd.py:155 chunk_p               3
  alloc                    aten.empty.memory_format           ascend_fla/ops/pgdn_chunk_fwd.py:155 chunk_p               1
  alloc                    aten.empty.memory_format           ascend_fla/ops/pgdn_chunk_fwd.py:145 launch                6
  alloc                    aten.empty.memory_format           ascend_fla/ops/pgdn_chunk_fwd.py:155 chunk_p               8
  alloc                    aten.empty.memory_format           ascend_fla/ops/pgdn_chunk_fwd.py:155 chunk_p               2
  alloc                    aten.empty.memory_format           ascend_fla/ops/pgdn_chunk_fwd.py:155 chunk_p               1
  alloc                    aten.empty.memory_format           ascend_fla/ops/pgdn_chunk_fwd.py:155 chunk_p               1
  alloc                    aten.empty.memory_format           ascend_fla/ops/pgdn_chunk_fwd.py:155 chunk_p               1
wrote 1 case file(s) + summary.json to benchmarks/evidence/host_op_audit/run-a5-final
=== pkda.chunk_precond_kda.fp32: <repo>/benchmarks/host_op_audit.py --case pkda.chunk_precond_kda.fp32 --device npu --roots ascend_fla/ops --output benchmarks/evidence/host_op_audit/run-a5-final --in-process
can not use command: npu-smi info
case pkda.chunk_precond_kda.fp32  device=npu  verdict=violations  calls=91
  by_category: {'alloc': 22, 'forbidden_arithmetic': 6, 'meta_view': 5, 'readonly_check': 58}
  category                 operator                           site                                         copy  dtype→  count
  alloc                    aten.zeros.default                 ascend_fla/ops/pkda_chunk_fwd.py:118 chunk_p               1
  alloc                    aten.zeros.default                 ascend_fla/ops/pkda_chunk_fwd.py:120 chunk_p               1
  alloc                    aten.full.default                  ascend_fla/ops/pkda_chunk_fwd.py:122 chunk_p               1
  readonly_check           aten.isfinite.default              ascend_fla/ops/pkda_chunk_fwd.py:126 chunk_p yes   yes     4
  readonly_check           aten.all.default                   ascend_fla/ops/pkda_chunk_fwd.py:126 chunk_p yes           4
  readonly_check           aten._local_scalar_dense.default   ascend_fla/ops/pkda_chunk_fwd.py:126 chunk_p               18
  readonly_check           aten.isfinite.default              ascend_fla/ops/pkda_chunk_fwd.py:126 chunk_p yes   yes     3
  readonly_check           aten.all.default                   ascend_fla/ops/pkda_chunk_fwd.py:126 chunk_p yes           3
  readonly_check           aten.isfinite.default              ascend_fla/ops/pkda_chunk_fwd.py:126 chunk_p yes   yes     1
  readonly_check           aten.all.default                   ascend_fla/ops/pkda_chunk_fwd.py:126 chunk_p yes           1
  readonly_check           aten.isfinite.default              ascend_fla/ops/pkda_chunk_fwd.py:126 chunk_p yes   yes     1
  readonly_check           aten.all.default                   ascend_fla/ops/pkda_chunk_fwd.py:126 chunk_p yes           1
  readonly_check           aten.isfinite.default              ascend_fla/ops/pkda_chunk_fwd.py:126 chunk_p yes   yes     1
  readonly_check           aten.all.default                   ascend_fla/ops/pkda_chunk_fwd.py:126 chunk_p yes           1
  readonly_check           aten.gt.Scalar                     ascend_fla/ops/pkda_chunk_fwd.py:126 chunk_p yes   yes     1
  readonly_check           aten.any.default                   ascend_fla/ops/pkda_chunk_fwd.py:126 chunk_p yes           1
  readonly_check           aten.gt.Scalar                     ascend_fla/ops/pkda_chunk_fwd.py:126 chunk_p yes   yes     4
  readonly_check           aten.any.default                   ascend_fla/ops/pkda_chunk_fwd.py:126 chunk_p yes           4
  readonly_check           aten.lt.Scalar                     ascend_fla/ops/pkda_chunk_fwd.py:126 chunk_p yes   yes     2
  readonly_check           aten.bitwise_or.Tensor             ascend_fla/ops/pkda_chunk_fwd.py:126 chunk_p yes           2
  readonly_check           aten.lt.Scalar                     ascend_fla/ops/pkda_chunk_fwd.py:126 chunk_p yes   yes     1
  readonly_check           aten.any.default                   ascend_fla/ops/pkda_chunk_fwd.py:126 chunk_p yes           3
  forbidden_arithmetic     aten.pow.Tensor_Scalar             ascend_fla/ops/pkda_chunk_fwd.py:126 chunk_p yes           1
  forbidden_arithmetic     aten.sum.dim_IntList               ascend_fla/ops/pkda_chunk_fwd.py:126 chunk_p yes           1
  meta_view                aten.slice.Tensor                  ascend_fla/ops/pkda_chunk_fwd.py:126 chunk_p               2
  meta_view                aten.slice.Tensor                  ascend_fla/ops/pkda_chunk_fwd.py:126 chunk_p               2
  forbidden_arithmetic     aten.sum.dim_IntList               ascend_fla/ops/pkda_chunk_fwd.py:126 chunk_p yes           2
  forbidden_arithmetic     aten.neg.default                   ascend_fla/ops/pkda_chunk_fwd.py:126 chunk_p yes           2
  readonly_check           aten.gt.Scalar                     ascend_fla/ops/pkda_chunk_fwd.py:126 chunk_p yes   yes     2
  meta_view                aten.view.default                  ascend_fla/ops/pkda_chunk_fwd.py:144 chunk_p               1
  alloc                    aten.empty.memory_format           ascend_fla/ops/pkda_chunk_fwd.py:144 chunk_p               8
  alloc                    aten.empty.memory_format           ascend_fla/ops/pkda_chunk_fwd.py:144 chunk_p               1
  alloc                    aten.empty.memory_format           ascend_fla/ops/pkda_chunk_fwd.py:134 launch                5
  alloc                    aten.empty.memory_format           ascend_fla/ops/pkda_chunk_fwd.py:144 chunk_p               2
  alloc                    aten.empty.memory_format           ascend_fla/ops/pkda_chunk_fwd.py:144 chunk_p               1
  alloc                    aten.empty.memory_format           ascend_fla/ops/pkda_chunk_fwd.py:144 chunk_p               1
  alloc                    aten.empty.memory_format           ascend_fla/ops/pkda_chunk_fwd.py:144 chunk_p               1
wrote 1 case file(s) + summary.json to benchmarks/evidence/host_op_audit/run-a5-final
=== pkda.chunk_precond_kda.bf16: <repo>/benchmarks/host_op_audit.py --case pkda.chunk_precond_kda.bf16 --device npu --roots ascend_fla/ops --output benchmarks/evidence/host_op_audit/run-a5-final --in-process
can not use command: npu-smi info
[perf] @pkda_bf16_output.vec #97 kernels<path>/kernels/output.py:80:12: warning: ub_to_l1.nd2nz composes multiple MTE3 bursts (one per NZ fractal column of the ND rows) — not a single instruction, and board-measured 10x slower than the compact-NZ move (D-084); store the tile as compact NZ from the @vf instead (a strided vf.store writes the fractal directly) and move it with the plain ub_to_l1. WHEN YOU DO: pad the staging tile by one row so that store's block stride is ODD. The natural stride is the tile's row count, which is 16-aligned by nature and so is the worst rung of the bank ladder (~8.7 cycles a store against ~1.1, D-084) — on the two kernels reworked in D-226 the padding was worth MORE than this move is (-12.3 and -10.8 us of -17.7 and -28.2), and it is worth taking blind: one UB row, and it only ever costs nothing when the store pipe is idle anyway
[perf] @pkda_bf16_output.vec #130 kernels<path>/kernels/output.py:85:12: warning: ub_to_l1.nd2nz composes multiple MTE3 bursts (one per NZ fractal column of the ND rows) — not a single instruction, and board-measured 10x slower than the compact-NZ move (D-084); store the tile as compact NZ from the @vf instead (a strided vf.store writes the fractal directly) and move it with the plain ub_to_l1. WHEN YOU DO: pad the staging tile by one row so that store's block stride is ODD. The natural stride is the tile's row count, which is 16-aligned by nature and so is the worst rung of the bank ladder (~8.7 cycles a store against ~1.1, D-084) — on the two kernels reworked in D-226 the padding was worth MORE than this move is (-12.3 and -10.8 us of -17.7 and -28.2), and it is worth taking blind: one UB row, and it only ever costs nothing when the store pipe is idle anyway
[perf] @pkda_bf16_output.vec #163 kernels<path>/kernels/output.py:90:12: warning: ub_to_l1.nd2nz composes multiple MTE3 bursts (one per NZ fractal column of the ND rows) — not a single instruction, and board-measured 10x slower than the compact-NZ move (D-084); store the tile as compact NZ from the @vf instead (a strided vf.store writes the fractal directly) and move it with the plain ub_to_l1. WHEN YOU DO: pad the staging tile by one row so that store's block stride is ODD. The natural stride is the tile's row count, which is 16-aligned by nature and so is the worst rung of the bank ladder (~8.7 cycles a store against ~1.1, D-084) — on the two kernels reworked in D-226 the padding was worth MORE than this move is (-12.3 and -10.8 us of -17.7 and -28.2), and it is worth taking blind: one UB row, and it only ever costs nothing when the store pipe is idle anyway
[perf] @pkda_bf16_output.vec #196 kernels<path>/kernels/output.py:95:12: warning: ub_to_l1.nd2nz composes multiple MTE3 bursts (one per NZ fractal column of the ND rows) — not a single instruction, and board-measured 10x slower than the compact-NZ move (D-084); store the tile as compact NZ from the @vf instead (a strided vf.store writes the fractal directly) and move it with the plain ub_to_l1. WHEN YOU DO: pad the staging tile by one row so that store's block stride is ODD. The natural stride is the tile's row count, which is 16-aligned by nature and so is the worst rung of the bank ladder (~8.7 cycles a store against ~1.1, D-084) — on the two kernels reworked in D-226 the padding was worth MORE than this move is (-12.3 and -10.8 us of -17.7 and -28.2), and it is worth taking blind: one UB row, and it only ever costs nothing when the store pipe is idle anyway
case pkda.chunk_precond_kda.bf16  device=npu  verdict=clean  calls=29
  by_category: {'alloc': 28, 'meta_view': 1}
  category                 operator                           site                                         copy  dtype→  count
  alloc                    aten.empty.memory_format           ascend_fla/ops/pkda_chunk_fwd.py:102 chunk_p               3
  alloc                    aten.empty.memory_format           ascend_fla/ops/pkda_chunk_fwd.py:102 chunk_p               3
  alloc                    aten.empty.memory_format           ascend_fla/ops/pkda_chunk_fwd.py:102 chunk_p               1
  meta_view                aten.view.default                  ascend_fla/ops/pkda_chunk_fwd.py:102 chunk_p               1
  alloc                    aten.empty.memory_format           ascend_fla/ops/pkda_chunk_fwd.py:102 chunk_p               1
  alloc                    aten.empty.memory_format           ascend_fla/ops/pkda_chunk_fwd.py:102 chunk_p               2
  alloc                    aten.empty.memory_format           ascend_fla/ops/pkda_chunk_fwd.py:102 chunk_p               6
  alloc                    aten.empty.memory_format           ascend_fla/ops/pkda_chunk_fwd.py:102 chunk_p               8
  alloc                    aten.empty.memory_format           ascend_fla/ops/pkda_chunk_fwd.py:102 chunk_p               2
  alloc                    aten.empty.memory_format           ascend_fla/ops/pkda_chunk_fwd.py:102 chunk_p               1
  alloc                    aten.empty.memory_format           ascend_fla/ops/pkda_chunk_fwd.py:102 chunk_p               1
wrote 1 case file(s) + summary.json to benchmarks/evidence/host_op_audit/run-a5-final
=== gdn2.chunk_gdn2.fp32: <repo>/benchmarks/host_op_audit.py --case gdn2.chunk_gdn2.fp32 --device npu --roots ascend_fla/ops --output benchmarks/evidence/host_op_audit/run-a5-final --in-process
can not use command: npu-smi info
case gdn2.chunk_gdn2.fp32  device=npu  verdict=clean  calls=18
  by_category: {'alloc': 18}
  category                 operator                           site                                         copy  dtype→  count
  alloc                    aten.empty.memory_format           ascend_fla/ops/gdn2_chunk_fwd.py:127 chunk_g               8
  alloc                    aten.empty.memory_format           ascend_fla/ops/gdn2_chunk_fwd.py:117 launch                5
  alloc                    aten.empty.memory_format           ascend_fla/ops/gdn2_chunk_fwd.py:127 chunk_g               2
  alloc                    aten.empty.memory_format           ascend_fla/ops/gdn2_chunk_fwd.py:127 chunk_g               1
  alloc                    aten.empty.memory_format           ascend_fla/ops/gdn2_chunk_fwd.py:127 chunk_g               1
  alloc                    aten.empty.memory_format           ascend_fla/ops/gdn2_chunk_fwd.py:127 chunk_g               1
wrote 1 case file(s) + summary.json to benchmarks/evidence/host_op_audit/run-a5-final
=== gdn2.chunk_gdn2.bf16: <repo>/benchmarks/host_op_audit.py --case gdn2.chunk_gdn2.bf16 --device npu --roots ascend_fla/ops --output benchmarks/evidence/host_op_audit/run-a5-final --in-process
can not use command: npu-smi info
can not use command: npu-smi info
case gdn2.chunk_gdn2.bf16  device=npu  verdict=violations  calls=22
  by_category: {'alloc': 18, 'forbidden_dtype_cast': 4}
  category                 operator                           site                                         copy  dtype→  count
  forbidden_dtype_cast     aten._to_copy.default              ascend_fla/ops/gdn2_chunk_fwd.py:111 chunk_g yes   yes     3
  alloc                    aten.empty.memory_format           ascend_fla/ops/gdn2_chunk_fwd.py:127 chunk_g               8
  alloc                    aten.empty.memory_format           ascend_fla/ops/gdn2_chunk_fwd.py:117 launch                5
  alloc                    aten.empty.memory_format           ascend_fla/ops/gdn2_chunk_fwd.py:127 chunk_g               2
  alloc                    aten.empty.memory_format           ascend_fla/ops/gdn2_chunk_fwd.py:127 chunk_g               1
  alloc                    aten.empty.memory_format           ascend_fla/ops/gdn2_chunk_fwd.py:127 chunk_g               1
  alloc                    aten.empty.memory_format           ascend_fla/ops/gdn2_chunk_fwd.py:127 chunk_g               1
  forbidden_dtype_cast     aten._to_copy.default              ascend_fla/ops/gdn2_chunk_fwd.py:128 chunk_g yes   yes     1
wrote 1 case file(s) + summary.json to benchmarks/evidence/host_op_audit/run-a5-final
wrote 19 case file(s) + summary.json to benchmarks/evidence/host_op_audit/run-a5-final
ALL_EXIT=1
